Date,SMB,HML,RF
192607,-2.56,-2.43,0.22
192608,-1.17,3.82,0.25
192609,-1.4,0.13,0.23
192610,-0.09,0.7,0.32
192611,-0.1,-0.51,0.31
192612,-0.03,-0.05,0.28
192701,-0.37,4.54,0.25
192702,0.04,2.94,0.26
192703,-1.65,-2.61,0.3
192704,0.3,0.81,0.25
192705,1.53,4.73,0.3
192706,0.59,-1.73,0.26
192707,-3.25,-1.14,0.3
192708,-0.69,-3.74,0.28
192709,-3.63,-0.63,0.21
192710,2.12,-4.33,0.25
192711,2.72,-0.27,0.21
192712,0.97,-1.13,0.22
192801,4.26,-0.75,0.25
192802,-2.06,-0.65,0.33
192803,-0.26,-1.22,0.29
192804,3.98,3.44,0.22
192805,2.85,-3.27,0.32
192806,-3.52,-0.03,0.31
192807,-1.32,-0.5,0.32
192808,-2.06,-2.15,0.32
192809,2.41,0.86,0.27
192810,2.22,-2.16,0.41
192811,-1.78,2.7,0.38
192812,-0.86,-0.65,0.06
192901,-3.56,-1.24,0.34
192902,-0.38,1.66,0.36
192903,-4.71,1.58,0.34
192904,-0.97,0.59,0.36
192905,-5.37,-1.42,0.44
192906,-2.17,-2.79,0.52
192907,-3.88,2.71,0.33
192908,-9.59,0.13,0.4
192909,1.19,-0.65,0.35
192910,-4.01,7.78,0.46
192911,-1.72,5.05,0.37
192912,-4.5,-0.54,0.37
193001,3.55,-0.96,0.14
193002,0.19,0.2,0.3
193003,3.41,0.33,0.35
193004,-0.35,-0.35,0.21
193005,-2.01,-0.73,0.26
193006,-3.38,2.33,0.27
193007,-0.28,-1.75,0.2
193008,-2.1,-0.61,0.09
193009,-2.21,-4.96,0.22
193010,-0.12,-1.38,0.09
193011,2.23,-3.66,0.13
193012,-4.6,-5.25,0.14
193101,3.45,7.12,0.15
193102,3.59,1.92,0.04
193103,2.98,-3.44,0.13
193104,-4.45,-3.82,0.08
193105,5.35,-6.57,0.09
193106,-5.32,11.29,0.08
193107,1.42,-2.11,0.06
193108,-1.95,-1.47,0.03
193109,0.54,-6.77,0.03
193110,-1.87,1.7,0.1
193111,4.31,-5.04,0.17
193112,-0.55,-8.85,0.12
193201,3.93,9.03,0.23
193202,-2.78,-1.46,0.23
193203,2.27,-2.32,0.16
193204,1.45,1.43,0.11
193205,3.91,-2.98,0.06
193206,0.33,5.3,0.02
193207,-4.59,35.61,0.03
193208,13.41,34.24,0.03
193209,-2.08,-7.36,0.03
193210,-2.56,-10.33,0.02
193211,2,-13.11,0.02
193212,-8.64,-7.72,0.01
193301,0.63,6.36,0.01
193302,-2.58,-2.95,-0.03
193303,3.79,7.54,0.04
193304,3.07,19.65,0.1
193305,36.56,19.19,0.04
193306,8.42,-1.78,0.02
193307,-1.05,3.27,0.02
193308,-5.39,3,0.03
193309,-0.4,-11.74,0.02
193310,-0.2,-8.57,0.01
193311,-6.47,2.32,0.02
193312,0.63,-1.56,0.02
193401,12.69,15.59,0.05
193402,5.1,2,0.02
193403,2.51,-2.7,0.02
193404,2.73,-3.73,0.01
193405,-0.29,-5.89,0.01
193406,-2.23,-2.96,0.01
193407,-6.95,-10.7,0.01
193408,5.37,0.09,0.01
193409,-1.52,-1.2,0.01
193410,1.24,-5.08,0.01
193411,6.48,-2.15,0.01
193412,3.06,-3.14,0.01
193501,1.07,-1.9,0.01
193502,0.37,-7.44,0.02
193503,-3.59,-5.12,0.01
193504,-1.47,4.47,0.01
193505,-3.34,2.65,0.01
193506,-2.57,-1.69,0.01
193507,1.88,6.93,0.01
193508,6.2,6.08,0.01
193509,1.53,-4.07,0.01
193510,2.72,-2.37,0.01
193511,4.54,12.06,0.02
193512,0.17,0.95,0.01
193601,5.23,10.34,0.01
193602,0.95,4.51,0.01
193603,0.69,-1.44,0.02
193604,-6.06,-2.15,0.02
193605,0.91,2.61,0.02
193606,-3.2,-1.2,0.03
193607,1,2.4,0.01
193608,0.6,3.82,0.02
193609,3.08,0.9,0.01
193610,-2.43,2.47,0.02
193611,8.77,-1.21,0.01
193612,3.96,4.3,0
193701,4.34,2.61,0.01
193702,1.05,4.83,0.02
193703,-1.69,6.5,0.01
193704,-3.83,-3.66,0.03
193705,-0.68,-3.48,0.06
193706,-3.76,-3.33,0.03
193707,0.89,0.81,0.03
193708,0.44,-2.25,0.02
193709,-6.98,-4.57,0.04
193710,0.41,-1.55,0.02
193711,-3.6,0.15,0.02
193712,-7.74,-0.4,0
193801,4.84,-1.61,0
193802,0.4,-2.02,0
193803,-4.34,-3.54,-0.01
193804,6.46,0.23,0.01
193805,-2.51,-0.27,0
193806,4.3,0.32,0
193807,6.64,2.2,-0.01
193808,-2.45,-4.72,0
193809,-2.73,-1.62,0.02
193810,5.81,5.03,0.01
193811,-2.57,-1.22,-0.06
193812,-1.82,0.53,0
193901,-1.55,-3.94,-0.01
193902,0.63,2.95,0.01
193903,-4.75,-8.31,-0.01
193904,1.67,-0.3,0
193905,2.8,0.49,0.01
193906,-1.01,-5.42,0.01
193907,4.32,-0.03,0
193908,-4.61,-2.42,-0.01
193909,20.24,22.22,0.01
193910,-0.01,-4.89,0
193911,-5.07,-6.46,0
193912,0.79,-4.06,0
194001,0.21,-0.81,0
194002,2.51,-0.33,0
194003,1.25,-1.27,0
194004,3.92,-0.13,0
194005,-6.66,-3.69,-0.02
194006,-2.13,4.62,0
194007,1.01,-0.74,0.01
194008,-0.11,0.56,-0.01
194009,3.22,-1.13,0
194010,0.28,4.64,0
194011,1.94,0.12,0
194012,-2.15,-0.89,0
194101,1,3.83,-0.01
194102,-1.56,0.89,-0.01
194103,0.1,3.04,0.01
194104,-1.68,3.41,-0.01
194105,-0.65,0.6,0
194106,1.32,0.59,0
194107,5.71,7.25,0.03
194108,-0.42,-1.1,0.01
194109,-0.99,-0.28,0.01
194110,-2.02,1.63,0
194111,-1.21,-0.64,0
194112,-2.99,-5.94,0.01
194201,7.53,10.1,0.02
194202,1.72,-1.13,0.01
194203,1.77,-0.62,0.01
194204,-0.6,2.09,0.01
194205,-3.05,-2.65,0.03
194206,-1.22,0.54,0.02
194207,-0.15,2.4,0.03
194208,-0.09,1.35,0.03
194209,0.63,2.35,0.03
194210,1.75,6.39,0.03
194211,-1.5,-4.21,0.03
194212,-2.51,0.58,0.03
194301,8.8,8.18,0.03
194302,4.75,6.4,0.03
194303,4.99,5.48,0.03
194304,2.05,5.82,0.03
194305,4.35,3.25,0.03
194306,-1.02,-0.7,0.03
194307,-2.39,-2.29,0.03
194308,-0.6,-0.43,0.03
194309,1.29,1.43,0.03
194310,0.58,1.64,0.03
194311,-1.65,-4.02,0.03
194312,3.34,3.24,0.03
194401,2.55,2.16,0.03
194402,-0.1,0.84,0.03
194403,1.73,3.43,0.02
194404,-1.37,-1.14,0.03
194405,1.68,1.04,0.03
194406,4.01,1.75,0.03
194407,0.58,-0.42,0.03
194408,2.33,-1.49,0.03
194409,0.49,-1.16,0.02
194410,-0.15,-0.33,0.03
194411,0.36,2.38,0.03
194412,2.25,5.91,0.02
194501,2.46,0.67,0.03
194502,1.55,4.34,0.02
194503,-1.6,-1.74,0.02
194504,0.32,3.24,0.03
194505,1.52,0.36,0.03
194506,3.12,4.21,0.02
194507,-1.52,-2.62,0.03
194508,1.5,-4.27,0.03
194509,1.7,0.42,0.03
194510,2.38,2.13,0.03
194511,4.31,3.96,0.02
194512,2.1,-2.28,0.03
194601,3.91,2.48,0.03
194602,-0.71,-1.46,0.03
194603,0.29,-0.54,0.03
194604,2.35,0.32,0.03
194605,1.46,1.28,0.03
194606,-1.58,-0.39,0.03
194607,-2.07,0.07,0.03
194608,-1.84,0.55,0.03
194609,-4.4,-1.92,0.03
194610,0.1,3.46,0.03
194611,-0.44,1.47,0.03
194612,0.08,-1.36,0.03
194701,2.2,-0.73,0.03
194702,0.68,0.15,0.03
194703,-1.62,0.61,0.03
194704,-3.96,0.85,0.03
194705,-3.26,0.33,0.03
194706,-0.3,-0.59,0.03
194707,1.43,2.82,0.03
194708,0.32,0.18,0.03
194709,1.64,1.36,0.06
194710,0.51,0.07,0.06
194711,-1.71,1.1,0.06
194712,-2.46,3.71,0.08
194801,2.5,1.39,0.07
194802,-1.72,0.07,0.07
194803,0.14,4.5,0.09
194804,-1.65,4.11,0.08
194805,0.91,-1.27,0.08
194806,-1.82,2.81,0.09
194807,-0.33,0.14,0.08
194808,-1.11,0.28,0.09
194809,-1.23,-1.71,0.04
194810,-1.5,0.58,0.04
194811,-0.6,-4.13,0.04
194812,-2.82,-1.94,0.04
194901,1.77,1.23,0.1
194902,-1.9,-0.86,0.09
194903,2.5,1.29,0.1
194904,-0.89,-1.13,0.09
194905,-0.79,-2.37,0.1
194906,-0.91,-1.65,0.1
194907,0.55,0.37,0.09
194908,0.2,-0.55,0.09
194909,1,0.19,0.09
194910,1.04,-0.48,0.09
194911,-1.02,-0.96,0.08
194912,2.06,1.77,0.09
195001,3.33,0.12,0.09
195002,0.03,-0.79,0.09
195003,-1.44,-2.81,0.1
195004,1.94,1.3,0.09
195005,-2.1,0.46,0.1
195006,-2.34,-0.7,0.1
195007,0.69,13.56,0.1
195008,0.76,-1.5,0.1
195009,0.49,-1.07,0.1
195010,-0.47,1.3,0.12
195011,-0.89,3.33,0.11
195012,1.47,7.36,0.11
195101,1.76,3.64,0.13
195102,0.08,-2.85,0.1
195103,-0.77,-4.1,0.11
195104,-1.45,3.27,0.13
195105,0,-1.37,0.12
195106,-2.06,-3.75,0.12
195107,-1.99,2.06,0.13
195108,0.99,-0.13,0.13
195109,1.87,0.63,0.12
195110,-0.22,0.23,0.16
195111,-0.32,-0.06,0.11
195112,-2.26,-1.59,0.12
195201,-0.61,1.55,0.15
195202,0.82,-0.61,0.12
195203,-2.99,2.17,0.11
195204,0.46,-0.1,0.12
195205,-1,0.04,0.13
195206,-1.64,1.24,0.15
195207,-0.4,-0.35,0.15
195208,1.15,0.01,0.15
195209,1.11,-1.52,0.16
195210,-1.05,-0.46,0.14
195211,-0.72,0.97,0.1
195212,-1.48,0.19,0.16
195301,3.61,1.32,0.16
195302,2.15,-0.09,0.14
195303,-0.22,-0.85,0.18
195304,0.3,1.57,0.16
195305,-0.07,0.23,0.17
195306,-1.87,-0.47,0.18
195307,-1,-0.22,0.15
195308,0.29,-3.53,0.17
195309,-0.84,-2.44,0.16
195310,-1.35,-0.25,0.13
195311,-1.3,-0.15,0.08
195312,-0.85,-2.84,0.13
195401,0.48,3.44,0.11
195402,-0.19,-0.29,0.07
195403,-0.54,-1.5,0.08
195404,-3.44,-0.34,0.09
195405,0.41,2.45,0.05
195406,0.38,0.01,0.06
195407,1.06,4.13,0.05
195408,2.69,-1.38,0.05
195409,-2.53,0.68,0.09
195410,0.62,0.67,0.07
195411,-2.62,4.4,0.06
195412,2.12,5.66,0.08
195501,0.36,2.14,0.08
195502,1.59,0.58,0.09
195503,-0.74,1.97,0.1
195504,-1.62,0.68,0.1
195505,-0.28,-0.96,0.14
195506,-4.65,1.84,0.1
195507,-1.17,0.35,0.1
195508,-0.44,0.72,0.16
195509,0.35,-0.99,0.16
195510,1.48,-0.15,0.18
195511,-2.22,0.33,0.17
195512,2.16,-2.3,0.18
195601,0.37,0.95,0.22
195602,-0.98,-0.43,0.19
195603,-2.09,-0.46,0.15
195604,0.01,-0.24,0.19
195605,1.45,-1.31,0.23
195606,-1.48,-1.13,0.2
195607,-1.66,-0.04,0.22
195608,1.89,-0.74,0.17
195609,1.57,1.76,0.18
195610,-0.1,-0.06,0.25
195611,-0.21,1.78,0.2
195612,-0.01,-2.15,0.24
195701,3.37,2.81,0.27
195702,-0.72,-0.72,0.24
195703,0.26,-0.48,0.23
195704,-1.59,-1.45,0.25
195705,-1.05,-2.1,0.26
195706,0.54,0.01,0.24
195707,-0.76,0.43,0.3
195708,0.05,-0.41,0.25
195709,0.08,0.92,0.26
195710,-2.52,-1.8,0.29
195711,0.4,-2.87,0.28
195712,-0.98,-1.62,0.24
195801,4.39,4.19,0.28
195802,0.65,0.33,0.12
195803,0.65,-0.97,0.09
195804,-0.62,1.61,0.08
195805,2.16,-0.26,0.11
195806,-0.19,0.4,0.03
195807,0.47,3.06,0.07
195808,1.18,0.36,0.04
195809,0.12,2.85,0.19
195810,1.09,-1.18,0.18
195811,1.97,-1.18,0.11
195812,-2.03,0.03,0.22
195901,3.02,2.91,0.21
195902,1.46,1.16,0.19
195903,1.49,-0.34,0.22
195904,-0.6,-1.23,0.2
195905,-2.16,1.79,0.22
195906,0.67,1.31,0.25
195907,-0.3,0.23,0.25
195908,-0.76,0.44,0.19
195909,-0.09,0.55,0.31
195910,1.44,-2.1,0.3
195911,1.23,-3.21,0.26
195912,-0.58,-0.07,0.34
196001,2.09,2.78,0.33
196002,0.51,-1.93,0.29
196003,-0.49,-2.94,0.35
196004,0.32,-2.28,0.19
196005,1.21,-3.7,0.27
196006,-0.21,-0.34,0.24
196007,-0.51,1.98,0.13
196008,0.87,-0.18,0.17
196009,-1.11,1.62,0.16
196010,-4.08,2.83,0.22
196011,0.4,-2.43,0.13
196012,-1.55,-0.81,0.16
196101,0.64,3.72,0.19
196102,3.93,-0.66,0.14
196103,3.3,-0.73,0.2
196104,0.07,2.12,0.17
196105,2.01,0.37,0.18
196106,-2.49,-0.14,0.2
196107,-1.9,-0.09,0.18
196108,-1.75,-0.28,0.14
196109,-1.07,-0.61,0.17
196110,-1.65,0.15,0.19
196111,1.26,-1.23,0.15
196112,-0.85,1.79,0.19
196201,1.77,5.13,0.24
196202,-1.15,0.82,0.2
196203,0.52,-1.38,0.2
196204,-0.7,0.03,0.22
196205,-3.34,2.77,0.24
196206,-0.59,2.55,0.2
196207,1.52,-3.41,0.27
196208,1.22,-1.2,0.23
196209,-2.42,1.28,0.21
196210,-3.97,1.3,0.25
196211,2.61,0.95,0.2
196212,-3.8,0.36,0.23
196301,3.08,2.21,0.25
196302,0.48,2.18,0.23
196303,-2.59,2.06,0.23
196304,-1.34,1,0.25
196305,1.13,2.54,0.24
196306,-0.27,0.75,0.23
196307,-0.45,-0.97,0.27
196308,-0.98,1.8,0.25
196309,-0.33,0.13,0.27
196310,-0.58,-0.1,0.29
196311,-1.17,1.75,0.27
196312,-2.16,-0.02,0.29
196401,-0.11,1.48,0.3
196402,0.11,2.81,0.26
196403,0.87,3.4,0.31
196404,-1.35,-0.67,0.29
196405,-0.86,1.86,0.26
196406,-0.12,0.62,0.3
196407,0.24,0.75,0.3
196408,0.16,0.08,0.28
196409,-0.54,1.7,0.28
196410,0.42,1.17,0.29
196411,0.69,-1.96,0.29
196412,-0.35,-2.48,0.31
196501,2.7,0.12,0.28
196502,3.55,0.11,0.3
196503,1.89,1.03,0.36
196504,1.1,0.66,0.31
196505,0.11,-1.61,0.31
196506,-4.34,0.59,0.35
196507,0.89,2.2,0.31
196508,2.84,-1,0.33
196509,0.64,-0.13,0.31
196510,2.52,1.56,0.31
196511,4.68,0.15,0.35
196512,2.06,2.03,0.33
196601,3.84,3.56,0.38
196602,4.4,0.33,0.35
196603,0.99,-1.98,0.38
196604,3.43,-0.46,0.34
196605,-4.6,-1.63,0.41
196606,1.03,0.5,0.38
196607,-0.36,0.95,0.35
196608,-3.27,0.43,0.41
196609,-1.04,0.56,0.4
196610,-6.52,2.69,0.45
196611,4.24,-4.69,0.4
196612,1.97,-1.19,0.4
196701,8.32,2.27,0.43
196702,3.35,-2.22,0.36
196703,1.55,0.37,0.39
196704,0.63,-2.48,0.32
196705,1.9,1.09,0.33
196706,5.93,0.85,0.27
196707,3.12,2.73,0.31
196708,0.42,1.44,0.31
196709,3.06,-2.5,0.32
196710,1.46,-3.3,0.39
196711,0.21,-1.7,0.36
196712,5.73,-0.53,0.33
196801,3.92,4.8,0.4
196802,-2.94,1.28,0.39
196803,-1.34,-0.59,0.38
196804,5.68,-1.13,0.43
196805,6.4,0.85,0.45
196806,-0.19,0.73,0.43
196807,-1.36,5.39,0.48
196808,2.34,1.01,0.42
196809,2.8,0.3,0.43
196810,-0.48,2.86,0.44
196811,2.34,-0.92,0.42
196812,3.37,-0.01,0.43
196901,-0.74,1.67,0.53
196902,-3.92,0.91,0.46
196903,-0.3,-0.51,0.46
196904,-0.86,-0.03,0.53
196905,-0.21,0.7,0.48
196906,-5.37,-1.08,0.51
196907,-3.24,1.2,0.53
196908,0.93,-3.79,0.5
196909,1.18,-3.27,0.62
196910,3.91,-3.16,0.6
196911,-2.58,-1.19,0.52
196912,-3.71,-2.86,0.64
197001,2.93,3.13,0.6
197002,-2.58,3.93,0.62
197003,-2.32,3.99,0.57
197004,-6.15,6.18,0.5
197005,-4.59,3.33,0.53
197006,-2.13,0.6,0.58
197007,-0.5,0.9,0.52
197008,1.52,1.15,0.53
197009,8.59,-5.47,0.54
197010,-4.21,0.22,0.46
197011,-3.94,1.69,0.46
197012,2.92,1,0.42
197101,7.36,1.33,0.38
197102,1.86,-1.23,0.33
197103,2.62,-3.95,0.3
197104,-0.49,0.69,0.28
197105,-1.04,-1.44,0.29
197106,-1.47,-1.87,0.37
197107,-1.48,0.02,0.4
197108,-0.17,2.63,0.47
197109,0.51,-2.91,0.37
197110,-1.76,-0.48,0.37
197111,-2.77,-1.68,0.37
197112,3.29,-0.4,0.37
197201,5.85,2.24,0.29
197202,1.3,-2.79,0.25
197203,-0.24,-1.61,0.27
197204,0.11,0.12,0.29
197205,-2.69,-2.7,0.3
197206,0.27,-2.48,0.29
197207,-2.87,0.66,0.31
197208,-4.03,4.54,0.29
197209,-2.65,0.46,0.34
197210,-2.73,1.34,0.4
197211,-1.2,4.85,0.37
197212,-1.95,-2.19,0.37
197301,-3.49,2.68,0.44
197302,-3.87,1.6,0.41
197303,-2.82,2.62,0.46
197304,-3.85,5.41,0.52
197305,-6.3,0.41,0.51
197306,-2.86,1.2,0.51
197307,7.97,-5.31,0.64
197308,-2.13,1.24,0.7
197309,3.04,2.01,0.68
197310,-0.45,1.94,0.65
197311,-7.67,3.87,0.56
197312,-5.35,3.85,0.64
197401,9.68,6.02,0.63
197402,-0.18,2.81,0.58
197403,2.6,-0.32,0.56
197404,-0.74,0.85,0.75
197405,-2.96,-2.02,0.75
197406,-0.17,0.77,0.6
197407,0.84,5.16,0.7
197408,-0.73,2.64,0.6
197409,0.27,5.58,0.81
197410,-3.46,-9.87,0.51
197411,-1.21,-0.2,0.54
197412,-4.83,0.11,0.7
197501,11.14,8.28,0.58
197502,0.16,-4.44,0.43
197503,3.78,2.38,0.41
197504,-0.65,-1.14,0.44
197505,3.83,-4.1,0.44
197506,0.87,1.38,0.41
197507,2.7,1.69,0.48
197508,-3.25,-0.95,0.48
197509,-0.1,0.39,0.53
197510,-4.03,0.28,0.56
197511,-1.2,2.03,0.41
197512,-0.78,1.69,0.48
197601,4.81,8.63,0.47
197602,7.06,5.87,0.34
197603,-1.16,-0.12,0.4
197604,-0.11,-0.16,0.42
197605,-1.23,-1.36,0.37
197606,-1.32,0.71,0.43
197607,0.29,1.73,0.47
197608,-2,0.81,0.42
197609,-0.02,-0.29,0.44
197610,0.22,-0.18,0.41
197611,2.32,1.51,0.4
197612,3.03,2.27,0.4
197701,4.76,4.27,0.36
197702,1.04,0.47,0.35
197703,1,1.09,0.38
197704,-0.12,3.38,0.38
197705,1.18,0.85,0.37
197706,2.09,-0.74,0.4
197707,2.16,-0.56,0.42
197708,1.48,-2.7,0.44
197709,1.34,-0.52,0.43
197710,1.25,1.75,0.49
197711,3.73,0.26,0.5
197712,1.32,-0.29,0.49
197801,2.24,3.36,0.49
197802,3.59,0.83,0.46
197803,3.49,1.18,0.53
197804,0.45,-3.54,0.54
197805,4.56,-0.52,0.51
197806,1.66,0.57,0.54
197807,0.23,-1.15,0.56
197808,5.06,-0.51,0.56
197809,-0.43,1.89,0.62
197810,-9.86,1.38,0.68
197811,2.97,-2.15,0.7
197812,1.29,-2.13,0.78
197901,3.62,2.19,0.77
197902,0.45,1.17,0.73
197903,3.26,-0.71,0.81
197904,2.15,1.12,0.8
197905,0.21,1.31,0.82
197906,1.17,1.44,0.81
197907,1.28,1.86,0.77
197908,2.05,-1.58,0.77
197909,-0.27,-0.9,0.83
197910,-3.37,-1.84,0.87
197911,2.87,-3.29,0.99
197912,4.17,-2.1,0.95
198001,1.62,1.75,0.8
198002,-1.85,0.61,0.89
198003,-6.64,-1.01,1.21
198004,1.05,1.06,1.26
198005,2.13,0.38,0.81
198006,1.66,-0.76,0.61
198007,4.14,-6.41,0.53
198008,3.92,-2.6,0.64
198009,0.98,-4.59,0.75
198010,2.47,-2.76,0.95
198011,-3.36,-8.33,0.96
198012,-0.26,2.79,1.31
198101,2.92,6.72,1.04
198102,-0.34,1.02,1.07
198103,3.54,0.64,1.21
198104,4.4,2.28,1.08
198105,2,-0.42,1.15
198106,-0.83,5.13,1.35
198107,-2.19,-0.5,1.24
198108,-1.95,4.76,1.28
198109,-2.65,5.17,1.24
198110,2.23,-4.21,1.21
198111,-1.03,1.83,1.07
198112,1.2,0.81,0.87
198201,-1.28,3.19,0.8
198202,0.44,6.05,0.92
198203,-0.21,3.81,0.98
198204,1.47,-2.7,1.13
198205,0.52,1.75,1.06
198206,-0.4,1.53,0.96
198207,0.83,0.09,1.05
198208,-4.14,0.95,0.76
198209,2.95,0.28,0.51
198210,2.34,-3.66,0.59
198211,4.67,-1.87,0.63
198212,-0.22,-0.02,0.67
198301,2.73,-0.75,0.69
198302,3.27,0.7,0.62
198303,1.73,2.02,0.63
198304,0.5,0.49,0.71
198305,6.24,-1.4,0.69
198306,0.95,-3.9,0.67
198307,1.5,5.62,0.74
198308,-4.28,5.54,0.76
198309,0.61,1.01,0.76
198310,-3.57,4.97,0.76
198311,2.01,-0.72,0.7
198312,-0.27,1.73,0.73
198401,-0.38,7.58,0.76
198402,-1.69,3.33,0.71
198403,0.07,0.46,0.73
198404,-1.16,1.2,0.81
198405,0.06,0.31,0.78
198406,-0.3,-2.66,0.75
198407,-2.21,0.36,0.82
198408,-0.24,-1.82,0.83
198409,0.17,5.28,0.86
198410,-1.23,0.45,1
198411,-0.65,4.06,0.73
198412,-0.56,-0.26,0.64
198501,3.31,-5.35,0.65
198502,0.79,-0.1,0.58
198503,-1.08,4.07,0.62
198504,0.14,3.72,0.72
198505,-2.22,-0.96,0.66
198506,0.52,0.38,0.55
198507,2.84,-1.62,0.62
198508,-0.3,2.32,0.55
198509,-1.59,1.29,0.6
198510,-1.51,0.75,0.65
198511,0.25,-2.85,0.61
198512,-0.51,-1.54,0.65
198601,1.21,0.44,0.56
198602,-0.54,-0.72,0.53
198603,-0.59,-0.39,0.6
198604,2.78,-2.87,0.52
198605,-1.35,-0.21,0.49
198606,-0.96,1.28,0.52
198607,-3.36,4.7,0.52
198608,-4.17,3.51,0.46
198609,2.36,3.22,0.45
198610,-2.5,-1.42,0.46
198611,-1.91,-0.07,0.39
198612,0.13,0.36,0.49
198701,-1.81,-3.16,0.42
198702,3.49,-5.91,0.43
198703,0.45,1.61,0.47
198704,-1.69,-0.39,0.44
198705,-0.5,0.23,0.38
198706,-2.12,1.04,0.48
198707,-0.69,0.68,0.46
198708,-0.77,-0.93,0.47
198709,0.54,0.27,0.45
198710,-8.43,4.24,0.6
198711,2.72,2.95,0.35
198712,0.13,-4.43,0.39
198801,-0.72,5.01,0.29
198802,3.34,-1.71,0.46
198803,6.15,0.73,0.44
198804,1,1.67,0.46
198805,-2.6,2.42,0.51
198806,2.11,-1.24,0.49
198807,-0.25,2.22,0.51
198808,0.04,2.15,0.59
198809,-1.31,-0.75,0.62
198810,-2.93,2.05,0.61
198811,-1.72,1.41,0.57
198812,1.95,-1.69,0.63
198901,-2.23,0.6,0.55
198902,2.82,1.01,0.61
198903,0.67,0.58,0.67
198904,-0.68,-1.42,0.67
198905,-0.05,-0.88,0.79
198906,-1.02,2.25,0.71
198907,-4.14,-2.79,0.7
198908,0.56,0.6,0.74
198909,0.32,-1.27,0.65
198910,-3.23,-1.11,0.68
198911,-1.24,-1.09,0.69
198912,-2.36,0.16,0.61
199001,-1.24,0.85,0.57
199002,0.99,0.64,0.57
199003,1.5,-2.92,0.64
199004,-0.46,-2.59,0.69
199005,-2.53,-3.83,0.68
199006,1.4,-1.93,0.63
199007,-3.12,-0.03,0.68
199008,-3.57,1.64,0.66
199009,-3.65,0.64,0.6
199010,-5.57,0.1,0.68
199011,0.43,-3.1,0.57
199012,0.81,-1.7,0.6
199101,3.81,-1.6,0.52
199102,3.95,-0.58,0.48
199103,3.93,-1.39,0.44
199104,0.48,1.5,0.53
199105,-0.4,-0.52,0.47
199106,0.13,1.15,0.42
199107,-0.92,-1.32,0.49
199108,1.58,-0.78,0.46
199109,1.64,-1.08,0.46
199110,0.81,-0.47,0.42
199111,-0.5,-1.89,0.39
199112,-2.24,-4.17,0.38
199201,8.46,4.71,0.34
199202,0.87,6.47,0.28
199203,-1.04,3.56,0.34
199204,-6.06,4.34,0.32
199205,0.41,1.19,0.28
199206,-3.07,3.24,0.32
199207,-0.47,-0.56,0.31
199208,-0.13,-1.1,0.26
199209,0.54,-0.26,0.26
199210,2.09,-1.98,0.23
199211,3.76,-1.35,0.23
199212,1.69,2.62,0.28
199301,1.89,5.94,0.23
199302,-3.48,6.42,0.22
199303,0.24,1.18,0.25
199304,-0.67,2.49,0.24
199305,2.04,-3.42,0.22
199306,-0.29,2.75,0.25
199307,0.96,2.85,0.24
199308,0.13,0.13,0.25
199309,3.04,-0.31,0.26
199310,2.03,-2.76,0.22
199311,-1.25,-0.74,0.25
199312,1.23,0.32,0.23
199401,0.34,1.15,0.25
199402,2.8,-1.54,0.21
199403,-1.08,1.6,0.27
199404,-0.93,1.66,0.27
199405,-2.15,0.67,0.31
199406,-0.41,1.67,0.31
199407,-1.81,0.58,0.28
199408,1.45,-2.51,0.37
199409,3.14,-1.89,0.37
199410,-2.24,-1.62,0.38
199411,0.25,-0.7,0.37
199412,0.22,-0.13,0.44
199501,-3.5,2.57,0.42
199502,-0.66,1.08,0.4
199503,-0.16,-2.15,0.46
199504,-0.49,1.71,0.44
199505,-2.55,2.29,0.54
199506,3.18,-2.54,0.47
199507,2.07,-1.62,0.45
199508,1.35,2.79,0.47
199509,-2.2,-0.04,0.43
199510,-3.78,-0.5,0.47
199511,-1.09,0.51,0.42
199512,0.7,0.22,0.49
199601,-2.73,0.38,0.43
199602,1.79,-1.08,0.39
199603,1.49,0.35,0.39
199604,5.23,-4.02,0.46
199605,3.17,-0.83,0.42
199606,-4.01,2.35,0.4
199607,-4.31,5.14,0.45
199608,2.44,-0.74,0.41
199609,-0.98,-2.72,0.44
199610,-4.44,4.94,0.42
199611,-4.02,1.39,0.41
199612,3.16,1.31,0.46
199701,-1.95,-1.42,0.45
199702,-3.22,5.67,0.39
199703,-0.36,3.39,0.43
199704,-5.77,0.07,0.43
199705,5.19,-4.13,0.49
199706,1.22,1.58,0.37
199707,-2.74,0.26,0.43
199708,7.28,1.18,0.41
199709,2.53,0.37,0.44
199710,-0.74,2.27,0.42
199711,-5.11,1.19,0.39
199712,-2.49,3.84,0.48
199801,-1.06,-1.63,0.43
199802,0.32,-0.85,0.39
199803,-1.14,1.39,0.39
199804,0.07,0.94,0.43
199805,-3.36,3.4,0.4
199806,-3.2,-1.97,0.41
199807,-4.92,-1.78,0.4
199808,-5.7,3.53,0.43
199809,0.1,-3.42,0.46
199810,-3.12,-2.23,0.32
199811,1.22,-3.25,0.31
199812,-0.5,-4.19,0.38
199901,0.76,-4.6,0.35
199902,-6.09,1.92,0.35
199903,-3.79,-2.74,0.43
199904,3.91,2.46,0.37
199905,3.34,2.35,0.34
199906,3.09,-3.19,0.4
199907,2.6,-0.44,0.38
199908,-0.94,-1.87,0.39
199909,3.41,-3.5,0.39
199910,-6.64,-3.37,0.39
199911,7.2,-6.11,0.36
199912,7.02,-8.32,0.44
200001,5.79,-1.91,0.41
200002,21.42,-9.7,0.43
200003,-17.23,8.17,0.47
200004,-6.68,7.26,0.46
200005,-6.09,4.81,0.5
200006,12.85,-8.43,0.4
200007,-3.06,8.3,0.48
200008,-0.62,-1.38,0.5
200009,-1.82,7.17,0.51
200010,-3.87,5.7,0.56
200011,-3.43,12.32,0.51
200012,0.72,7.61,0.5
200101,6.69,-5.09,0.54
200102,-0.79,12.48,0.38
200103,0.24,6.42,0.42
200104,0.55,-4.68,0.39
200105,2.49,3.38,0.32
200106,6.24,-1.13,0.28
200107,-4.19,5.21,0.3
200108,2.48,2.3,0.31
200109,-6.23,1.45,0.28
200110,7.49,-7.66,0.22
200111,-0.47,2.22,0.17
200112,4.73,0.85,0.15
200201,1.19,3.44,0.14
200202,-1,2.16,0.13
200203,4.21,1.06,0.13
200204,5.96,3.88,0.15
200205,-3.21,1.53,0.14
200206,4.29,-0.03,0.13
200207,-5.28,-3.85,0.15
200208,-2.86,3.29,0.14
200209,2.4,1.47,0.14
200210,-3.4,-3.94,0.14
200211,3.19,-1.21,0.12
200212,0.09,2.14,0.11
200301,1.35,-0.81,0.1
200302,-0.45,-1.38,0.09
200303,1.03,-1.91,0.1
200304,0.66,1.17,0.1
200305,4.74,0.5,0.09
200306,1.77,0.15,0.1
200307,5.05,-1.24,0.07
200308,2.59,1.54,0.07
200309,0.8,0.15,0.08
200310,2.69,1.97,0.07
200311,2.07,1.78,0.07
200312,-2.68,1.61,0.08
200401,2.55,2.48,0.07
200402,-1.58,0.91,0.06
200403,1.72,0.28,0.09
200404,-1.68,-3.09,0.08
200405,-0.2,-0.24,0.06
200406,2.26,1.19,0.08
200407,-3.81,3.23,0.1
200408,-1.49,1,0.11
200409,3.02,-0.01,0.11
200410,0.15,-0.22,0.11
200411,3.74,1.42,0.15
200412,-0.03,-0.22,0.16
200501,-1.72,2.06,0.16
200502,-0.57,1.53,0.16
200503,-1.4,2.04,0.21
200504,-3.93,0.06,0.21
200505,2.89,-0.64,0.24
200506,2.59,2.82,0.23
200507,2.9,-0.78,0.24
200508,-0.98,1.32,0.3
200509,-0.66,0.72,0.29
200510,-1.25,0.43,0.27
200511,1,-1.18,0.31
200512,-0.42,0.2,0.32
200601,5.39,1.08,0.35
200602,-0.38,-0.35,0.34
200603,3.45,0.59,0.37
200604,-1.42,2.34,0.36
200605,-2.96,2.42,0.43
200606,-0.39,0.85,0.4
200607,-3.98,2.62,0.4
200608,1.03,-2.06,0.42
200609,-1.36,0.08,0.41
200610,1.75,-0.3,0.41
200611,0.7,0.14,0.42
200612,-1.15,2.73,0.4
200701,0.13,-0.69,0.44
200702,1.18,-0.13,0.38
200703,0.16,-0.96,0.43
200704,-2.15,-1.46,0.44
200705,0.24,-0.65,0.41
200706,0.76,-1.07,0.4
200707,-2.6,-3.72,0.4
200708,-0.13,-1.86,0.42
200709,-2.22,-2.23,0.32
200710,0.13,-3.05,0.32
200711,-2.92,-0.95,0.34
200712,0.12,-0.54,0.27
200801,-1.04,3.98,0.21
200802,-0.43,-0.84,0.13
200803,0.71,0.3,0.17
200804,-1.65,-1.04,0.18
200805,3,-1.49,0.18
200806,1.2,-2.67,0.17
200807,2.61,5.42,0.15
200808,3.6,1.59,0.13
200809,-1.23,5.92,0.15
200810,-2.6,-2.3,0.08
200811,-2.85,-6.31,0.03
200812,3.46,0.15,0
200901,0.08,-11.29,0
200902,0.05,-6.95,0.01
200903,0.04,3.48,0.02
200904,5.39,5.36,0.01
200905,-2.52,0.27,0
200906,2.63,-2.73,0.01
200907,1.87,4.84,0.01
200908,-1.08,7.63,0.01
200909,2.43,1.04,0.01
200910,-4.34,-4.2,0
200911,-2.39,-0.34,0
200912,6.04,-0.17,0.01
201001,0.4,0.43,0
201002,1.19,3.23,0
201003,1.48,2.21,0.01
201004,4.87,2.89,0.01
201005,0.09,-2.44,0.01
201006,-1.82,-4.7,0.01
201007,0.22,-0.33,0.01
201008,-2.98,-1.93,0.01
201009,3.97,-3.18,0.01
201010,1.19,-2.51,0.01
201011,3.74,-0.92,0.01
201012,0.69,3.76,0.01
201101,-2.45,0.75,0.01
201102,1.53,1.27,0.01
201103,2.56,-1.85,0.01
201104,-0.33,-2.49,0
201105,-0.67,-2,0
201106,-0.15,-0.39,0
201107,-1.27,-0.9,0
201108,-3.05,-2.36,0.01
201109,-3.31,-1.72,0
201110,3.28,0.1,0
201111,-0.16,-0.45,0
201112,-0.59,1.63,0
201201,2.03,-0.97,0
201202,-1.85,0.43,0
201203,-0.65,1.14,0
201204,-0.41,-0.78,0
201205,0.07,-1.06,0.01
201206,0.67,0.62,0
201207,-2.77,-0.02,0
201208,0.48,1.3,0.01
201209,0.51,1.6,0.01
201210,-1.16,3.59,0.01
201211,0.64,-0.84,0.01
201212,1.5,3.51,0.01
201301,0.33,0.96,0
201302,-0.28,0.11,0
201303,0.81,-0.19,0
201304,-2.36,0.45,0
201305,1.73,2.63,0
201306,1.33,0.03,0
201307,1.86,0.57,0
201308,0.28,-2.69,0
201309,2.91,-1.22,0
201310,-1.56,1.25,0
201311,1.29,0.32,0
201312,-0.45,-0.02,0
201401,0.9,-2.07,0
201402,0.37,-0.31,0
201403,-1.85,4.93,0
201404,-4.2,1.17,0
201405,-1.88,-0.13,0
201406,3.08,-0.7,0
201407,-4.29,0.03,0
201408,0.4,-0.45,0
201409,-3.72,-1.34,0
201410,4.2,-1.81,0
201411,-2.06,-3.09,0
201412,2.49,2.27,0
201501,-0.55,-3.58,0
201502,0.61,-1.86,0
201503,3.04,-0.37,0
201504,-3.03,1.82,0
201505,0.92,-1.14,0
201506,2.9,-0.79,0
201507,-4.19,-4.13,0
201508,0.33,2.77,0
201509,-2.63,0.56,0
201510,-1.87,-0.46,0
201511,3.59,-0.42,0
201512,-2.82,-2.61,0.01
201601,-3.43,2.09,0.01
201602,0.71,-0.57,0.02
201603,0.82,1.19,0.02
201604,0.74,3.28,0.01
201605,-0.18,-1.66,0.01
201606,0.6,-1.48,0.02
201607,2.51,-1.27,0.02
201608,1.18,3.13,0.02
201609,2.13,-1.23,0.02
201610,-4.42,4.12,0.02
201611,5.67,8.19,0.01
201612,0.08,3.56,0.03
201701,-1.14,-2.76,0.04
201702,-2.02,-1.68,0.04
201703,1.14,-3.32,0.03
201704,0.72,-2.1,0.05
201705,-2.52,-3.78,0.06
201706,2.23,1.48,0.06
201707,-1.46,-0.24,0.07
201708,-1.67,-2.09,0.09
201709,4.46,3.12,0.09
201710,-1.93,0.21,0.09
201711,-0.58,-0.08,0.08
201712,-1.32,0.05,0.09
201801,-3.15,-1.33,0.12
201802,0.23,-1.07,0.11
201803,4.05,-0.23,0.11
201804,1.14,0.54,0.14
201805,5.26,-3.18,0.14
201806,1.15,-2.33,0.14
201807,-2.22,0.47,0.16
201808,1.12,-3.99,0.16
201809,-2.28,-1.69,0.15
201810,-4.77,3.44,0.19
201811,-0.68,0.27,0.18
201812,-2.38,-1.86,0.2
201901,2.9,-0.45,0.21
201902,2.05,-2.68,0.18
201903,-3.03,-4.1,0.19
201904,-1.74,2.14,0.21
201905,-1.31,-2.34,0.21
201906,0.28,-0.72,0.18
201907,-1.93,0.47,0.19
201908,-2.36,-4.76,0.16
201909,-0.97,6.74,0.18
201910,0.29,-1.92,0.16
201911,0.78,-2.01,0.12
201912,0.73,1.76,0.14
202001,-3.1,-6.22,0.13
202002,1.07,-3.79,0.12
202003,-4.88,-13.97,0.13
202004,2.49,-1.23,0
202005,2.48,-4.89,0.01
202006,2.7,-2.17,0.01
202007,-2.32,-1.38,0.01
202008,-0.22,-2.95,0.01
202009,0.04,-2.68,0.01
202010,4.36,4.21,0.01
202011,5.82,2.14,0.01
202012,4.89,-1.51,0.01
202101,7.34,2.96,0.01
202102,2.06,7.18,0
202103,-2.37,7.4,0
202104,-3.19,-0.94,0
202105,-0.25,7.08,0
202106,1.7,-7.82,0
202107,-3.99,-1.76,0
202108,-0.43,-0.16,0
202109,0.72,5.08,0
202110,-2.35,-0.48,0
202111,-1.32,-0.44,0
202112,-1.66,3.28,0.01
202201,-5.94,12.75,0
202202,2.23,3.04,0
202203,-1.6,-1.8,0.01
202204,-1.41,6.19,0.01
202205,-1.85,8.41,0.03
202206,2.09,-5.97,0.06
202207,2.81,-4.1,0.08
202208,1.39,0.31,0.19
202209,-0.82,0.03,0.19
202210,0.1,8.05,0.23
202211,-3.4,1.39,0.29