date,T_BILL_3_MO,SP_CONSUM_DIS,SP_HEALTH,SP_TELE_COMM,SP_FINANCE,SP_UTIL,SP_500,SP_CONSUM_STAPLE,SP_MATERIALS,SP_INFO_TECH,SP_ENEGY
19990101.0,0.043600001335144044,0.06290148279605624,0.0038160490503923107,0.09530990551729561,0.016585308070861095,-0.046135921336611346,0.0410094408537484,-0.015035775294614088,-0.029418496353374308,0.15850392845697886,-0.07936338006296151
19990201.0,0.04550000190734863,0.003263098871925814,0.005552212193790009,-0.027471866352362408,0.028203808991448,-0.02558411524418942,-0.03228256237759128,-0.031827038441902857,-0.00031234995493508756,-0.12072335645957592,-0.006375077077554206
19990301.0,0.043600001335144044,0.04322465207559795,0.026044859924046166,-0.006349977211386791,0.026523829661189033,-0.012413117391386253,0.03879421540891678,-0.016764348828659063,0.025185834090951813,0.0917343106380621,0.16444314214817599
19990401.0,0.04429999828338623,0.022983398048725543,-0.07052527640690401,0.02286810860901659,0.06665081322267992,0.072312807339495,0.03794402759627757,0.013888837658143444,0.22950687828196936,-0.005706028145307872,0.1550489453418083
19990501.0,0.04510000228881836,-0.06351882877575894,-0.04447780143816829,0.005844973697823389,-0.06829130720029136,0.04357823250178972,-0.024970480796175098,-0.016008215631215447,-0.10214475939845706,-0.014788977065286844,-0.055582496062725216
19990601.0,0.04670000076293945,0.054250577803090005,0.04915586871968788,0.07296943491648236,0.058428900662008426,-0.02811219784620698,0.054438331114324834,-0.02494665290225289,0.011379737359283675,0.15051494618337852,0.022910213587660936
19990701.0,0.04619999885559082,-0.061897264663878335,-0.06350433614534112,-0.015045860114305913,-0.06832378650311915,-0.019416840161758406,-0.0320460923910917,-0.009073805636755614,-0.029647711712359668,-0.020604026104106207,0.003900650867064166
19990801.0,0.04849999904632568,-0.03146179297357658,0.026649847358425287,-0.10693022182660251,-0.045191945557280365,0.0015018162064569503,-0.006254091687234965,-0.012768018207907553,-0.05476218477920719,0.06254871039632993,0.02858209419346942
19990901.0,0.04710000038146973,-0.0053924078184387865,-0.09532117598673619,0.026436535743345778,-0.061880331471356985,-0.053481187832534714,-0.028551792448024596,-0.10693746995343108,-0.04701277403798094,-0.007411804872580144,-0.03996923819268656
19991001.0,0.04960000038146973,0.0647116197013698,0.07419780207666873,0.08398635058427385,0.17989705219702837,0.002806840359896276,0.06253954145238466,0.06945212419993466,0.023484286530923344,0.021461442921937742,-0.0089992379639646
19991101.0,0.05150000095367432,0.01652758964310885,0.006280197370053449,0.033478138640484885,-0.03549013321074028,-0.07200884933809927,0.019061858969220493,0.019281599501796226,-0.002278231392126107,0.11114542480169821,0.012500646126987432
19991201.0,0.05170000076293945,0.08536102361651408,-0.07293821716180715,-0.010756342506874217,-0.017978646543812628,0.012151729961941943,0.05784389473992286,-0.043448261830998564,0.10545964124023693,0.17537596201253863,-0.02475698705927059
20000101.0,0.055300002098083494,-0.058718607395603056,0.06394564732147047,-0.025105026725119318,0.012662708256137044,0.13607210726351351,-0.05090354879190063,-0.05072712543250857,-0.10290007230554142,-0.10108297323169886,0.012779549647828363
20000201.0,0.056399998664855955,-0.08186697585996737,-0.10456143020656673,-0.07026951984307457,-0.11149612892758237,-0.05739169699789278,-0.02010808325635694,-0.10202293527196127,-0.113967260623832,0.10586613996992926,-0.06226085174866077
20000301.0,0.0571999979019165,0.11709644481134228,0.06861882144232967,0.06115347905173358,0.16665474885105375,0.03349927105113136,0.09671982835364816,-0.022562768953444914,0.11824076175863683,0.06922234710259925,0.08083024197309041
20000401.0,0.056500000953674315,-0.046728680724323755,0.03305448397878632,-0.07627328434345886,-0.07789933658556866,0.07432078816817955,-0.030795755780191322,-0.016950094385805126,-0.07372447171806547,-0.04645157623945525,-0.02958982216162639
20000501.0,0.05489999771118164,-0.06157762130904789,0.06086608053456477,-0.11881636830257754,0.049073264395772635,0.032566910399073584,-0.02191505060341778,0.09390825319886921,-0.029499605140354657,-0.11735230289182907,0.08462645015569421
20000601.0,0.05699999809265137,-0.02891841873139899,0.08656135207204685,0.0019154566299542162,-0.08593211231300361,-0.06293906069929707,0.02393354961587722,0.004245662870508942,-0.08895917541085181,0.06316509393558369,-0.046890461804136224
20000701.0,0.06019999980926514,-0.013254155311878818,-0.05314972608988681,-0.11262954561284902,0.07366257548605863,0.04198634942073551,-0.01634127590417086,-0.014080838100316405,-0.02432209662035994,-0.05630546200359396,-0.03530403725476024
20000801.0,0.061100001335144045,-0.030911333534501203,-0.03266608817012821,-0.03815382790749509,0.08581429444625066,0.09857064662545194,0.060699104941671016,-0.03556123071787309,8.31558917790181e-05,0.13515863704383438,0.0677514509035341
20000901.0,0.0603000020980835,-0.03413818070668263,0.04888866750135462,-0.02269142380495807,0.03319658119105725,0.07880229161014317,-0.05348297471976424,0.04183613264531355,-0.09958397583373353,-0.18868123729371145,0.01961952839256902
20001001.0,0.06150000095367432,-0.01200515689644545,0.04835681567338512,0.03857154015759028,-0.021211137403842187,-0.049709099327986825,-0.004956418998957509,0.1055117325468447,0.11118391607037309,-0.05320787255499622,-0.041329719398684316
20001101.0,0.06010000228881836,-0.06608271103023652,0.03283916331732785,-0.09541720348898686,-0.05244413184513988,-0.03463241322358954,-0.08006861010730898,0.052260356187504256,-0.016515491144065766,-0.19485061371562143,-0.06005939124446809
20001201.0,0.05730000019073486,0.02857017355962683,0.04925025064421419,-0.06594408115793803,0.09168638862619045,0.09465412768207906,0.004053445623728773,0.049257578603570384,0.10605935770358234,-0.11722880186663064,0.0424564946864334
20010101.0,0.04840000152587891,0.14841352646643127,-0.06539886117859735,0.11486081664928546,0.02416789893760406,-0.06466635152835853,0.03463657667616456,-0.05880368929794121,-0.0036530484014088466,0.26313234272613767,-0.047197487534620004
20010201.0,0.04719999790191651,-0.07216761675729833,-0.009541924341188925,-0.11017915072630682,-0.07331288247128444,0.04301857026397847,-0.09229073539585969,-0.001459539239922012,-0.0009271044114796841,-0.2861622052867987,-0.014459560387739752
20010301.0,0.04179999828338623,-0.03311826383796672,-0.06817171096580299,-0.013530132511857,-0.03054382051938576,-0.013206045433125325,-0.06420471080339152,-0.04732413975611776,-0.04893277255492229,-0.15908613853067327,-0.023504382435361622
20010401.0,0.038299999237060546,0.10166731588407846,0.054118919824263374,0.04648487116974678,0.03243802449560622,0.055327729640202473,0.07681436165439455,-0.004885120433625128,0.1155472328556535,0.2027446083002409,0.12470973355513451
20010501.0,0.03539999961853027,0.006978023154492374,0.008550614041034875,-0.042820242461132633,0.02811507956269296,-0.03344732719990123,0.0050901874012757075,-0.005808905741331206,0.030217378035835598,-0.07607249385945651,0.0024720401358846026
20010601.0,0.03559999942779541,-0.01682858152520265,-0.05690251562237003,-0.039423965539543346,0.0011475430973348635,-0.07111978698819148,-0.02503538942756465,-0.03229544630171365,-0.04723850981469147,-0.0063356080344402176,-0.067540230199999
20010701.0,0.03440000057220459,-0.006894178028809085,0.03759103165329252,0.025219796187538123,-0.026107128086668818,-0.04861625815152619,-0.010772498818348013,-0.002706643598184683,-0.008666538945195488,-0.06792604599671234,-0.014516673814802683
20010801.0,0.03279999971389771,-0.10435487471277972,-0.029300579647909133,-0.10534524585943665,-0.06792837953805893,-0.04034277296279551,-0.06410840688075743,0.049061501322462585,-0.0004456808852319581,-0.1502716121039938,-0.034048558072830346
20010901.0,0.022999999523162843,-0.13400304773074226,-0.0007309337038748966,0.054635359573298826,-0.05567870776998676,-0.12350943541512363,-0.08172340570563887,-0.03241116594060619,-0.12340240287260659,-0.17250059820893207,-0.07710832915082497
20011001.0,0.020099999904632567,0.03178619233216732,-0.01937542282870873,-0.13505884876880175,-0.018807138826509518,-0.011940505654742556,0.018099111333141012,-0.003420305264443267,0.029233372450853393,0.18630163998847477,0.04623993817851077
20011101.0,0.017300000190734865,0.10885791942115877,0.0351132056763772,-0.00012098138326293158,0.049581084657167505,-0.0569369166832991,0.0751759041240455,0.006857228906931851,0.09395063198981148,0.11781426231196553,-0.06078048577095795
20011201.0,0.016699999570846558,0.039003443780178795,-0.0352531940454682,0.008760916695707048,0.0361059399979992,0.036668587388771434,0.007573834088927656,0.0068230865453514054,-0.011893303486462631,-0.005714636246651829,0.04016935948915431
20020101.0,0.017200000286102295,-0.008807131813347253,-0.009088312775907097,-0.08470160616588548,-0.016709852891654,-0.05892034250273667,-0.015573832456979858,0.011505291825734783,0.01773636444952077,0.00607431738213856,-0.018979527309751543
20020201.0,0.017200000286102295,0.012563630035191769,0.0005753772076877865,-0.06394969127496608,-0.015651850454067518,-0.026534477212368807,-0.020766211039727613,0.03950170428404587,0.04992241580396271,-0.13735822971144626,0.03876571254353427
20020301.0,0.01740000009536743,0.015186445412337414,0.0018303843807199512,-0.02631392239176082,0.0643950551329534,0.11924199553562398,0.03673889286207476,0.03146766695327813,0.031179793762026745,0.050281470670132486,0.06090973103451629
20020401.0,0.017300000190734865,-0.03852717150938608,-0.06232211824383976,-0.15885597964486534,-0.024501983441663787,-0.021497499038406122,-0.06141762591921905,0.019599557666574518,-0.048443145079921764,-0.11916937049712213,-0.05480164632183456
20020501.0,0.01705000042915344,-0.0023642554975543484,-0.016251286397274987,0.03827994075832966,-0.003543149236378266,-0.09078457297328468,-0.009081481352177009,0.008077531662571488,0.047724855008704235,-0.03558388698386057,0.003633559707364187
20020601.0,0.01659000039100647,-0.08099530103419607,-0.09171095563970379,-0.1254873638155895,-0.049212715732010234,-0.07515797473207864,-0.07245535380817983,-0.060863836958651774,-0.022298184506734584,-0.12027115464953168,-0.003298219013457441
20020701.0,0.016649999618530274,-0.11733002121736429,-0.021809266908744285,-0.1268642875206487,-0.0831923425096433,-0.1432522619916574,-0.07900427514940762,-0.04625614773761453,-0.11345685432150124,-0.07088743918540019,-0.12798233114567673
20020801.0,0.016449999809265137,0.02750036278214938,0.011377800973870748,-0.01751021732776679,0.021503235037131745,0.032454031955565614,0.004881433306494344,0.010145952533132628,-0.0069394942856249,-0.012117959351569091,-0.004372803549499381
20020901.0,0.015269999504089355,-0.0859004795031162,-0.06312114339511266,-0.13755457078616498,-0.11439220860754709,-0.13137073762841353,-0.11002431825242784,-0.0719952946270864,-0.12828476170931,-0.16359419543918458,-0.08540855095270414
20021001.0,0.014170000553131104,0.06474977533971976,0.050578454687305645,0.31740007451876834,0.08650041723507546,-0.020050916049385314,0.08644880033371394,0.03353300312577444,0.04795771445655485,0.20293814394760396,0.02891574446653394
20021101.0,0.012020000219345094,0.032203214865180095,0.02663546209399559,0.12074927837726221,0.04151480509983885,0.022012565088116113,0.057069620704985814,-0.028227379488216093,0.1181849828504739,0.1807836719056529,0.030199049015875935
20021201.0,0.011820000410079957,-0.08952770581614376,-0.0385419073509374,-0.07738401762663133,-0.05844483062666522,0.03713133800847554,-0.0603325718850288,0.0021058458819727937,-0.044395957437022585,-0.1625970374086385,-0.00516078302255819
20030101.0,0.011480000019073486,-0.03526396980060872,-0.006021318835589879,-0.07261793325557138,-0.022647207772035473,-0.03492645254184597,-0.027414692683044594,-0.036986329863456686,-0.0509689150935104,-0.029634613404680113,-0.02593785766040684
20030201.0,0.011749999523162842,-0.009164509457609061,-0.019602062130218673,-0.0839565070503623,-0.032883626862383664,-0.05412257082211405,-0.01700360825687177,-0.029119269361601727,-0.029684275540014002,0.019781953113812305,0.015593441767623055
20030301.0,0.010900000333786011,0.026249661609979828,0.031042920854989636,-0.0039177343861438434,-0.009618448808353306,0.04545961968409381,0.008357567684332842,-0.007097753802095075,-0.0007954393819833149,-0.019215235114598456,0.005380748373501768
20030401.0,0.0110099995136261,0.11461741760326218,0.03330227248582563,0.08885492124676016,0.11962609353562828,0.08392952997635092,0.08104410718003227,0.02890932982917214,0.09180970375868817,0.0847989248049243,-0.009458607467168015
20030501.0,0.010850000381469726,0.051759395065002364,0.017067149579388347,0.06696070731888812,0.05133112200483319,0.09938870058214191,0.050898709609522634,0.04678006116295648,0.028525093999518372,0.08361256431389077,0.07785739122884719
20030601.0,0.008379999995231629,0.011834319526627219,0.04160047456046624,0.030759171126479114,0.00045483018084658747,0.00779705236521483,0.01132221467685205,0.007170737661966463,0.005905046747385711,-0.011622605036310504,-0.010915336767832611
20030701.0,0.009269999861717225,0.02248343093102054,-0.013745682905988345,-0.06148543561892989,0.029212105418085787,-0.06753867701896371,0.016223701958536427,-0.006349040599856102,0.0783439179715567,0.05622031265305611,-0.025052568367077643
20030801.0,0.009599999785423278,0.05000689257769047,-0.03785163956039478,-0.0010617819688389307,-0.011851124705800591,0.013834601769035415,0.0178732035934879,0.019317105921303354,0.028444947669914997,0.05872627554745978,0.05665838712730623
20030901.0,0.009259999990463256,-0.047889295280706554,0.0026936500328013403,-0.04342790851883504,0.0044668773337387035,0.042250923449681066,-0.011944364585525754,-0.004404433873225238,-0.047346928140492836,-0.012723707172688174,-0.024432855052157972
20031001.0,0.009319999814033508,0.08860064167065732,0.006204022408443265,0.04415327638666942,0.06549131355854698,0.008399569137666194,0.05496148663571674,0.04721876345900298,0.09029677220878848,0.07406767078409583,0.0038682470713796314
20031101.0,0.009079999923706054,0.006598268678324927,0.01457189306442938,-0.014455045278256019,-0.004772850137226976,-0.004296485425070359,0.007128504071372872,0.008486266529888188,0.020498230061274398,0.010477966491379984,-0.0017738120169132749
20031201.0,0.009070000052452088,0.03581836995463799,0.055927970629988805,0.08785300208058126,0.04446587020248181,0.06341504933510578,0.05076554077889215,0.016093804228410384,0.09802094785067221,0.018208175540252308,0.1314487253096086
20040101.0,0.00897000014781952,-0.009914507174135775,0.026552744375264947,0.03757303645101826,0.02970453223094801,0.017638653092795886,0.01727638695075525,0.00044727449865196624,-0.04820079181438669,0.03167197060022775,0.0120406568056586
20040201.0,0.009269999861717225,0.02085107908071411,0.004806787721166799,0.0181629339580964,0.024197054804539965,0.015851968594678672,0.012208973737610505,0.05593025987179209,0.049275178408890924,-0.03726782106532651,0.04387050408259666
20040301.0,0.009229999780654908,-0.0015894850235876085,-0.04169897267730051,-0.015035714017217077,-0.011875086840417291,0.007434608017733106,-0.016358919617866827,-0.005838260576767649,-0.020965833367697893,-0.026756726488654552,-0.006736131092679692
20040401.0,0.009520000219345093,-0.0161591942630597,0.030557468872616057,-0.00577833709857178,-0.04855075015319273,-0.039169526374899705,-0.016790751960348203,0.011191921198963267,-0.048338258732084124,-0.046902315682881696,0.016464067650227808
20040501.0,0.010520000457763672,0.006877288447962832,-0.0035558981810873726,-0.041030497724020815,0.017009429635908332,0.0047265153842602275,0.012083450097354185,-0.013466867325975825,0.021397038647628243,0.049177080914628725,0.0009651115349556957
20040601.0,0.013029999732971191,0.004419647660465121,-0.0034281252218844338,0.030303015663895334,0.0029484027918893286,0.012348800482169527,0.01798899877143253,0.002260894051005442,0.04902895128059664,0.02758856564862427,0.05147989596593914
20040701.0,0.014119999408721924,-0.03980164001917801,-0.05422097441990917,0.0312554654161694,-0.02317959187950928,0.014106687562086563,-0.03429051952002624,-0.04962759656761345,-0.022094078237623292,-0.07546525770263388,0.033211013192811174
20040801.0,0.015679999589920043,-0.0016247267145335646,0.015621801467878891,0.011408172805462713,0.0321987748592317,0.03624908222209972,0.0022873503233691106,0.018764846465990134,0.015641513642319627,-0.05395895459304069,-0.013852967094124738
20040901.0,0.01674000024795532,0.0288755001209115,-0.018698521688692408,0.011616138198386602,-0.010552922725181801,0.006080261182659779,0.009363875526838908,-0.029628935998608545,0.03685142455147759,0.028960850848841348,0.08369860249170367
20041001.0,0.018669999837875366,0.04043476872510863,-0.022225524819290833,0.008986535432785943,0.002216479507631503,0.04638571142170808,0.014014243690939922,0.005889226060606437,-0.008192852526496024,0.05236899482157775,0.006174368585330979
20041101.0,0.021819999217987062,0.03944801894483223,0.0152966013237386,0.0396668107690607,0.027788680473807392,0.03765368090225082,0.038594936295970515,0.028688572187839247,0.07541452498484957,0.04789927612924765,0.05723814497897358
20041201.0,0.021819999217987062,0.04590111027630733,0.05629904725920315,0.024034317569811198,0.04063185082953174,0.023565200606645527,0.03249332387371113,0.03756403701016188,0.012102050736989535,0.02823709139771841,-0.02029795582662957
20050101.0,0.02421999931335449,-0.04180711336421565,-0.032384175267440224,-0.07598764309989554,-0.02311098150251373,0.0191383569086643,-0.02529046744229405,0.01088654277080519,-0.031067362119777873,-0.05246541850338569,0.02716279044194925
20050201.0,0.02690000057220459,-0.005126459988215035,0.028956468560226885,0.006454829718809902,-0.00762027487099795,0.01676944224160719,0.018903346132113336,0.0009182533505387741,0.07579170764897289,-0.0002562514806292645,0.18285152370179344
20050301.0,0.027219998836517333,-0.012901014551376556,-0.005874819426372749,-0.017324623054777603,-0.04025096247157309,0.007837587328829982,-0.019117655560289663,-0.010967887308313008,-0.028180843222519354,-0.02322378169676487,-0.03641493464236005
20050401.0,0.028369998931884764,-0.06470048609045455,0.033525526340259654,0.0012713501628796146,-0.0016995082126406418,0.029145235436049702,-0.020108582083263497,-0.011975022322637812,-0.07023122333330646,-0.03866454042085496,-0.05309106639928075
20050501.0,0.028819999694824218,0.05846162491739174,0.007949142646972829,0.012105310576686784,0.025719618100654217,-0.0019055689616243317,0.029952046631208575,0.020058026635937233,-0.011594202898550725,0.07631163948741632,0.013626231630868258
20050601.0,0.03059999942779541,-0.001616500188994972,-0.0041507553814063855,0.012796912098856944,0.012154354125775778,0.05490462101244832,-0.00014271417986781368,-0.019998321035289222,-0.02000002147864736,-0.017717334362998896,0.057780721881470445
20050701.0,0.033320000171661375,0.05539918387630987,0.022813135888868123,0.03129904228382079,0.013143599138588093,0.02046928773624388,0.035968286903618314,0.030993828281172104,0.05278596874454929,0.05820849653373619,0.05701459510014394
20050801.0,0.03430000066757202,-0.035103797217745855,-0.005569257011502563,-0.034673240686203206,-0.020119564160965327,0.004586594792098538,-0.011222104598600076,-0.015527950310559006,-0.043488198487947806,-0.003079580663378617,0.05096098011724647
20050901.0,0.034700000286102296,-0.029301496926811072,-0.006201561245377947,-0.015180437865845438,0.008080969918020844,0.03749916748710406,0.006949024316733625,0.011440593988236067,0.005467717811603373,0.0025997111307623335,0.0599564613413033
20051001.0,0.03805000066757202,-0.020163012733926736,-0.030238888122204544,-0.02080526613296893,0.02977060044160096,-0.06436652252155461,-0.01774077993231352,-0.004324899320673917,0.005260755922499274,-0.022025629925474917,-0.09392019814820034
20051101.0,0.03857000112533569,0.03797163301046172,0.007738784679391538,0.04911827169438844,0.04266723521849901,-0.006835642485802657,0.035186096519093275,0.007183733338839575,0.07073556924333564,0.0633227873255613,0.013469273103484041
20051201.0,0.039849998950958254,-0.00916475244285151,0.03375527426160337,-0.037143315950332864,0.0010799442467050344,0.008145536305455588,-0.0009523493171964118,-0.0040638430534637865,0.027567209475096,-0.02954120857772403,0.00479848691392801
20060101.0,0.04369999885559082,0.017183217895897024,0.014013588833971089,0.03244483989348864,0.007340536884651927,0.02342471595008849,0.02546677134110803,-0.0017487536834216435,0.04676143773154838,0.03171001575463871,0.13851842578656265
20060201.0,0.04506999969482422,0.0060876086643778,0.007728444733619169,0.06557245725597657,0.01778767422679709,0.006670817854315352,0.00045315772835616367,0.009676777160453598,-0.02149380487072213,-0.009959849855337183,-0.08144028360723597
20060301.0,0.04514999866485596,0.0034413783886653674,-0.012968325121875682,0.030575097713413987,0.0006863051921211242,-0.049182389972112286,0.011095810408889687,0.0018589537515049514,0.04278408009789318,0.018019339929266978,0.03842999347215048
20060401.0,0.04650000095367432,0.012700667685606144,-0.03218581060247475,-0.0291422930794618,0.04059887702012828,0.01413047826159068,0.005932994934130771,0.006143782814307801,0.03537472252496082,-0.011509595661157135,0.0511389205727968
20060501.0,0.04715000152587891,-0.016151228000080408,-0.02260757567186012,-0.030094320946672973,-0.03936640945176763,0.011285500783334528,-0.030916916538203217,0.0048359000087484305,-0.04320295510097657,-0.07168481165916828,-0.03179937583420724
20060601.0,0.04860000133514404,-0.003518168603560446,0.00019966723288371359,0.04690114959400266,-0.007226334012579559,0.021197065365648735,0.00011802869019871687,0.011949886400777857,-0.0010102136546390255,-0.0167869877501483,0.020390808708758673
20060701.0,0.04934999942779541,-0.03386483817630934,0.05397927669450485,0.04220947265625,0.023599341218113506,0.04816849354487095,0.005196585422302941,0.01801548165673603,-0.0349359858328322,-0.037755301571209855,0.049625276671045195
20060801.0,0.049050002098083495,0.018744122730841205,0.026838411229861223,0.01147750128867,0.007835215657211497,0.02306477604267946,0.019780463823830276,0.03594765121931977,0.026980269094429903,0.08262467916698764,-0.040706221080459654
20060901.0,0.04760000228881836,0.06399227131298216,0.014175066558696485,0.03996818990244455,0.0406585382814492,-0.01890117950921339,0.02458193400638346,-0.0035159299137211067,-0.002397598447328883,0.03989113025451007,-0.027907080721333747
20061001.0,0.04940000057220459,0.0643512339632791,0.004182649109942323,0.03460974180737489,0.022691671238527163,0.05321184977375678,0.03153119193510905,0.018293342334312082,0.058754375315030485,0.04115616863366864,0.04463023271340717
20061101.0,0.048899998664855955,0.009980558649321986,-0.005381534856251323,-0.0032913968593153336,0.002688056615113591,0.018845042150429904,0.016599404072613476,-0.010771261938457058,0.041996919187632445,0.03161775242374702,0.08056032927795752
20061201.0,0.04885000228881836,0.021652659115461634,0.011211397759562156,0.04562601961779604,0.03738534416070555,0.00919422532800621,0.01261578281467054,0.02189141825870415,0.004406089446467807,-0.013593963368091553,-0.01901539075461148
20070101.0,0.04974999904632568,0.027664998783467856,0.03057444141820345,0.030937823013775692,0.007534462498935097,-0.003751405059670368,0.01425213889688996,0.018518522730012112,0.0449380913335619,0.01569033741339383,-0.018483993261251386
20070201.0,0.04994999885559082,-0.030358558995406185,-0.02512235914808677,-0.006689541018096571,-0.0319265819301124,0.04839059937686844,-0.021614908962578942,-0.017267243882612884,0.020287276631560772,-0.03155912057825694,-0.022948421681685188
20070301.0,0.048949999809265135,-0.006262058851543341,0.00197240894523534,0.03864551360114326,-0.008602512952510761,0.03886631359744766,0.0099942678670999,0.015076453558252071,0.016764903991385697,0.005421738052869849,0.06075592189349691
20070401.0,0.04724999904632568,0.024939189707559116,0.07097197476202469,0.000666589549773268,0.03979006898072593,0.041316599593048675,0.04331274041644103,0.03175885248173008,0.01925776014817362,0.054038737420723286,0.0520750267326005
20070501.0,0.045900001525878906,0.02670697556121876,0.013105802893159699,0.09598492324865367,0.01980736780201334,0.004508765837692686,0.03254922870736171,0.013542324618565521,0.05459180617746566,0.03675478947982559,0.0724307642227564
20070601.0,0.04670000076293945,-0.017981015321680317,-0.03599035791836857,-0.02678665033758786,-0.04256491644399029,-0.05296032721939415,-0.017816322547885014,-0.02195370384067614,-0.00809071662993176,0.0062989078839502995,0.017205995146723475
20070701.0,0.04809999942779541,-0.058283056865638734,-0.04408204774652973,-0.02888605302050147,-0.08346495790100464,-0.03818090533038823,-0.032824700282123205,-0.023847200798077846,-0.022870855982049174,-0.00455935976051943,0.007060448319341142
20070801.0,0.039900000095367434,0.0023963173310010207,0.022739439450769477,-0.0007596401807656503,0.012735865392319641,0.018341466570480643,0.012926191831360807,0.024687352001528797,-0.007002771189526918,0.027429888304906645,0.005436242033078777
20070901.0,0.03700000047683716,-0.00980122616420045,0.029361720542969268,0.044563979603428554,0.019957562988623726,0.03317511480111161,0.03581511062819056,0.04161429008474049,0.07642490723171301,0.03760324489840938,0.0803952588421038
20071001.0,0.03819999933242798,6.893951657295454e-05,0.018563024503485976,-0.014668804144417291,-0.019892569504232207,0.06609694890540439,0.014463504151360822,0.016580480721801197,0.03996330734367619,0.07134010739562173,0.010337121114771421
20071101.0,0.03069999933242798,-0.058354932627673356,0.008587596137725634,-0.07250417277883792,-0.07954313124828401,0.001669219703287407,-0.04182328956736701,0.028551025077478802,-0.0509543011039825,-0.08093160206780523,-0.03981620227757964
20071201.0,0.03140000104904175,-0.049445116142393906,-0.03100680075509732,0.030815407161394952,-0.05722808990841791,0.0006482353514707347,-0.0076167822320841565,-0.0124291818548594,0.008734811258153789,0.01474208720244911,0.07292943888377713
20080101.0,0.018700000047683716,-0.01310058148374483,-0.04868877771491051,-0.09883507765922224,-0.0053851662235171495,-0.06964047480103946,-0.060913999373004776,-0.053285229836028125,-0.040033851510331134,-0.1250029936277066,-0.10926299418625542
20080201.0,0.01784999966621399,-0.040799640837911426,-0.025436353970375233,-0.09595728142990437,-0.11431574445045767,-0.053118436314855924,-0.03479614939260146,-0.002574449825833696,0.01856600181798513,-0.041483872476626694,0.06661075423155474
20080301.0,0.012749999761581421,-0.009484985264227074,-0.049777433629954536,0.048949455540188175,-0.03071041253636208,0.014291644899321821,-0.00582509698555268,0.029700847461102013,-0.013345929148300522,0.009154035436812437,-0.026669869717163893
20080401.0,0.013400000333786011,0.04229176214776724,0.014218810835427457,0.03859797837749157,0.06342659425978363,0.05206176647997098,0.04461661938287776,-0.0038458729225081755,0.05326792101034592,0.06906656644818336,0.10865231447622721
20080501.0,0.01850000023841858,0.004692623757211055,0.016998253696040362,0.033480649006359976,-0.06287275068294969,0.029663960776777167,0.010397075322185412,0.012823168364138975,0.04614157904101254,0.05453519366927033,0.03163931856084106
20080601.0,0.01705000042915344,-0.12246338432712706,-0.04729404366832854,-0.11584806303143524,-0.18665383413197723,-0.010624048379472987,-0.08546605188158372,-0.06755838815840723,-0.05725148617790726,-0.09263362581190408,0.022440366798613273
20080701.0,0.016349999904632567,0.004249214640246947,0.04950910417807912,-0.06807861708816562,0.06900381878390756,-0.06273580766220876,-0.007292245533933462,0.03259835218002274,-0.04138171009122675,-0.012656123722121933,-0.13993863532879602
20080801.0,0.01690000057220459,0.07028326420369845,0.01731043857360201,0.035700311475120684,-0.013131131408121626,-0.01852717922032842,0.010563809964507467,0.025135277660662047,-0.028177476550215935,0.020179644660685798,-0.0083636535411405
20080901.0,0.008999999761581421,-0.07881585999269652,-0.06328113755326384,-0.12694562294284112,-0.05220772384642239,-0.1166263199599218,-0.09432143594116457,-0.016139123443167355,-0.17239957887606178,-0.13503649883274133,-0.1199848946030311
20081001.0,0.004350000023841858,-0.19267798817090395,-0.11749922607832655,-0.09522564702727294,-0.22736175228864913,-0.11869049072265625,-0.16786211341003415,-0.11070607869568008,-0.22145776130942288,-0.17807078316334735,-0.18011650873422616
20081101.0,0.00019999999552965163,-0.09780540643975247,-0.07183299007932306,0.0642060769549535,-0.18734761640982656,0.024314508732116834,-0.07477262014270458,-0.020143430696536554,-0.1121926476792981,-0.11436569095067668,0.0039879749183852585
20081201.0,0.0011500000208616258,0.05125665577704498,0.06615903232953728,0.008851117383801264,-0.006825558593347024,-0.024594559516419347,0.016475185840552357,-0.007604101253037868,-0.0075735938861826845,0.01679972762010206,-0.04057710953543772
20090101.0,0.002199999988079071,-0.10637538171744793,-0.012927830233854342,-0.11056400010327345,-0.2644755270963002,-0.008247049430928525,-0.08539406437002504,-0.0766237285115907,-0.07238897703008218,-0.030757969707541518,-0.03160344574138993
20090201.0,0.0025,-0.08693356610932139,-0.12841753953840426,-0.028384496609315787,-0.18414261342878013,-0.12950723713380233,-0.10691418572546067,-0.07240073161259263,-0.0884588353716743,-0.04303898203744094,-0.12455231806013466
20090301.0,0.0020000000298023225,0.12017943566661451,0.06330067226031394,0.05915258631182434,0.17656945468045435,0.020985046780895508,0.0936167702993531,0.03549959695332683,0.14930385871362922,0.12083164341228857,0.03706412595148475
20090401.0,0.00125,0.18531188364134102,-0.00809705284498016,0.022300458009935378,0.2220540409659616,0.004218138310701433,0.0998248062882383,0.030492813392352956,0.15169888499609452,0.12041994942103157,0.04813355645329817
20090501.0,0.0012999999523162842,-0.02201511311135873,0.0568567079329712,-0.027650205534522975,0.10792407424978148,0.02298758554081184,0.05316591989969629,0.04706978589227123,0.044902226847199425,0.011666211557188725,0.09920793330192028
20090601.0,0.0018000000715255738,0.003249594325976013,0.025396597830051618,0.010083390747350757,-0.022379031135575322,0.05111106589988426,-0.004267489547615566,0.0017664795535366525,-0.048944143980298005,0.04029084249666447,-0.04661837959534245
20090701.0,0.0017499999701976775,0.09371401535110463,0.05821466188888744,0.035995392484306755,0.08803589579669859,0.036857020516458956,0.07239196869563719,0.06168123201008915,0.13309165022800767,0.09140217675006844,0.04301309984849782
20090801.0,0.0012999999523162842,0.03332998368116867,0.02057947526824699,-0.024182345992510852,0.1286024108327627,0.0016991775416518363,0.030700273993137475,0.008067997772947052,0.01959556710541789,0.023509091646153595,0.0035647929908501274
20090901.0,0.0011500000208616258,0.05209954076056789,0.009009042255654789,0.028199783795186253,0.01930383367710772,0.01051694762936943,0.03684080332302511,0.03256307847162595,0.047346875611843496,0.0446623300613448,0.04599933585214553
20091001.0,0.00045000001788139346,-0.024852132900051758,-0.023070505697906706,-0.048480930423994664,-0.06034696773945934,-0.03209560877171916,-0.017745677040596642,0.010487156480109538,-0.053284782541437384,-0.0038134926339120716,0.031540895016279866
20091101.0,0.0005000000074505806,0.06731402673721416,0.09007543193614127,0.06385871285510762,0.04226845233434531,0.04169275074642633,0.057374151296353475,0.03824164404299038,0.11347189088172706,0.050034426625106466,0.028516635770337747
20091201.0,0.0005000000074505806,0.04378136102486266,0.019103645400897935,0.04579453126517031,-0.016445058485956718,0.0521443902510404,0.014751213243743937,-0.006555349877293046,0.014058081439530194,0.05585299063133836,-0.009833699511003286
20100101.0,0.0007000000029802323,-0.02948180357252748,0.004223948909890915,-0.09324845166015866,-0.014606461063508065,-0.05101596643549427,-0.038233557745499545,-0.01246803887114105,-0.08663228952554108,-0.08451346684585416,-0.04507501879888438
20100201.0,0.0011500000208616258,0.05299608152860516,0.00010998912693298969,-0.012890778039732155,0.0340980230948632,-0.01860864018159517,0.028494515423867783,0.02698610981551106,0.042191764099957195,0.04024987761676224,0.01875436966191397
20100301.0,0.0015000000596046448,0.0768878574924897,0.024437131097737704,0.05399084770074988,0.08772733610268424,0.02419462806416324,0.057963079185463146,0.03573098369521695,0.07581492324034751,0.06755609994973383,0.028785255603237473
20100401.0,0.001550000011920929,0.060226473482656216,-0.03904263231892231,-0.013962109245732601,0.013086190166739562,0.024353007586362267,0.013199765370856209,-0.015583209517527192,0.004154071565825323,0.01761782979857703,0.04429364334254962
20100501.0,0.0015000000596046448,-0.0714259566215759,-0.0699207217869196,-0.03938481781958714,-0.09248871811227577,-0.061216539788502125,-0.0834356337323571,-0.0473488312641834,-0.09651044781838751,-0.0827314971118784,-0.11807641394650008
20100601.0,0.0017000000178813935,-0.09765486858273144,-0.018614092528516316,-0.0039047395191902654,-0.05966973401152579,-0.010212501699135465,-0.052046431848887444,-0.02801516245153029,-0.07099759060070426,-0.06216599168860063,-0.05790924364364068
20100701.0,0.0014000000059604645,0.07740530698963485,0.012635007631495315,0.07928259766077263,0.06626442934659302,0.07341047546062522,0.06837358323079908,0.058449495045744995,0.12234715309813304,0.07168402319935242,0.07976224144329122
20100801.0,0.0013500000536441803,-0.04064974031141174,-0.017885236941795696,0.02251887241245368,-0.079072322358883,0.008897805457725018,-0.05254943134962789,-0.015865034509993443,-0.028466597315222494,-0.07198012184244447,-0.04713002755771875
20100901.0,0.001550000011920929,0.11002061713609354,0.08819372035184024,0.07930024204577528,0.0599143997479696,0.02594308532447078,0.0871470325628603,0.05450486213784028,0.07535638126817225,0.12111419854246289,0.0914509632571996
20101001.0,0.0010999999940395355,0.05305104572390832,0.02049469964664311,-0.0011518791228719819,0.013770273268745139,0.009286635073558529,0.03477950823434716,0.028133403330986316,0.0657237171498566,0.0644810584604194,0.0556205021472651
20101101.0,0.001599999964237213,0.02407204567849099,-0.03152355923216759,-0.014332766407738595,-0.0086299465128139,-0.035871955570506035,-0.004351748976870563,-0.013496187104732603,0.00932712068137326,-0.01820821954576207,0.05110823856018315
20101201.0,0.0011500000208616258,0.04001124179162886,0.04336137484650431,0.07633145085045966,0.10637754829329826,0.02746965731582082,0.059868566091467144,0.038945838089737554,0.10165517522000718,0.05230981485759284,0.0894100868743252
20110101.0,0.0014499999582767487,-0.00879777387830371,0.0033444849629523225,-0.04272182223641877,0.02449129022767545,0.01204969381870597,0.022661853430013503,-0.018775880959123352,-0.00504990071693574,0.036954672248518325,0.06881104117846572
20110201.0,0.0013500000536441803,0.05776695833199425,0.0284013165779175,0.023345984072013496,0.027548717331792934,0.0076383017876368465,0.029539038135490907,0.025279882587238976,0.02503757773298561,0.017719900521787173,0.06772204000437697
20110301.0,0.0009000000357627869,-0.006347266977142248,0.017048206640430094,0.05186295925952715,-0.026765993906442454,-0.002033909590475732,-0.002114988682238018,0.011230412301035482,0.016841352831083154,-0.02657155427107744,0.014879389158599439
20110401.0,0.00039999999105930326,0.03884569138593842,0.06423145964849206,0.006679169903553002,-0.0009967886095365805,0.038228770450872154,0.02567169523739567,0.05050997505335018,0.020532543730571985,0.029212416605163355,0.01478003429220668
20110501.0,0.00039999999105930326,-0.004588305132340631,0.021541251890829744,0.016400752633460657,-0.03356165345781563,0.01623934160744367,-0.014657093295659793,0.023670804089477592,-0.02919676517024241,-0.018123393599097003,-0.04606877349978975
20110601.0,0.00014999999664723872,-0.003198360045025652,-0.01306530851214473,-0.014669209723633933,-0.029144014738609454,-0.004158408639008824,-0.018257461652479275,-0.027927542609041987,-0.004493202074637,-0.026371918911635185,-0.019299786659933368
20110701.0,0.0009000000357627869,-0.014691120410218915,-0.03947144649891863,-0.06669643686707089,-0.03661430386562878,-0.011056901113389953,-0.021474425306666257,-0.01648796647814422,-0.03391207492485699,0.01567253749972428,0.006363274262280971
20110801.0,0.00014999999664723872,-0.05450010303738625,-0.023814937802389496,-0.01355875726178359,-0.09714826567055784,0.016830222621339364,-0.057017270070716525,0.0036553969732647587,-0.06877392394355089,-0.06177069223021083,-0.10035172561824356
20110901.0,9.999999776482581e-05,-0.06940687896833925,-0.04562556560602156,-0.012224696793016781,-0.11555357041490279,-0.0012281638807194245,-0.07193709521878924,-0.03695685482677049,-0.16587569242143363,-0.03417014743862621,-0.12581928028713948
20111001.0,4.999999888241291e-05,0.11806336487285303,0.056019293967016985,0.0176215186315489,0.1417254118237391,0.03519350211672469,0.10792875956417657,0.04297226552950353,0.17599563907040366,0.11465132624250254,0.16951594569099374
20111101.0,0.00014999999664723872,-0.01713951444894304,-0.000823981710670905,0.0012080693625990083,-0.06404893030914972,-0.004242561405017015,-0.0032294476918465227,0.01910026906678359,-0.011565799079396255,-0.02516898507603152,0.005117359349228601
20111201.0,4.999999888241291e-05,0.010611090172378244,0.029324462528934506,0.037398177700146626,0.016120607877605487,0.030350805230003976,0.00857314570676517,0.02423688123771693,-0.023657949228285534,-0.009041072909691299,-0.010638049945151723
20120101.0,0.0005499999970197678,0.05855858484194657,0.030355840737269466,-0.03936225505660397,0.08092226376937467,-0.036616007786002026,0.04253852648527076,-0.016987578416503904,0.11057572935113859,0.07591538963532413,0.014823125082987117
20120201.0,0.0007500000298023224,0.04509417193191829,0.011129405840514426,0.037206375215350994,0.04880505089167744,-5.66967716425427e-05,0.04055781516966328,0.03444098955635246,-0.0054017450094167585,0.07206185364406212,0.054547432419386206
20120301.0,0.0006499999761581421,0.04716982819065242,0.043148494541073626,0.010591380383013872,0.072962814781759,0.008793345516472385,0.031166224121947694,0.031361780985789886,0.0025230770917311377,0.0532160223511128,-0.033712463257461356
20120401.0,0.0009000000357627869,0.012368542457138015,-0.0033507561071051285,0.04186759645038388,-0.024902518470891977,0.01774576443728001,-0.007497452372495989,0.0010242563917696914,-0.01020756554146511,-0.019231967637367817,-0.009806229841468199
20120501.0,0.0005999999865889549,-0.05867684280022797,-0.038893783145155895,0.026006528591734336,-0.09319132873150664,-0.0012690820115939183,-0.0626171649622413,-0.012846438689332274,-0.07983429137828028,-0.07847727420409882,-0.10623654141380838
20120601.0,0.0007999999821186065,0.01492144135156101,0.051872425305526756,0.05484259513388058,0.04261652674646199,0.034088387673731006,0.03992002203075266,0.029568479337482183,0.041457636232264776,0.025155991203212668,0.05036620324472214
20120701.0,0.0010000000149011613,0.0008386355136327029,0.013885096155710269,0.05600112496496151,0.0020267222094009015,0.02806179013217865,0.012471274054325337,0.027582730207597238,-0.010002672033365374,0.013181239952175343,0.047211319573752006
20120801.0,0.0008500000089406968,0.04216604931574787,0.008686490788206068,-0.025128827146723386,0.030187949830169356,-0.04789859710939931,0.019763369506085683,-0.0064620538803064585,0.022505101236291458,0.04866958579623031,0.018789317530935105
20120901.0,0.0009000000357627869,0.030491235118941397,0.03873008260504898,0.0395240952208929,0.03367916871071222,0.006984224092634094,0.024265220992614717,0.011067959237951282,0.034519548049335574,0.013237041689229557,0.03285607455637859
20121001.0,0.0010499999672174453,-0.01628584945782795,-0.004255434137775952,-0.05186793675308361,0.018136799284790138,0.01379200097450258,-0.01994586005095116,-0.013541664862271664,-0.022500881927587063,-0.06812391689103552,-0.020410384713383696
20121101.0,0.0007500000298023224,0.027592420969797544,0.0023310895416349454,-0.011614607337925688,-0.012766534672145103,-0.0555437345127248,0.0028183703984409024,0.012987781847141347,0.013134798371028409,0.006813462274651842,-0.019744825594948334
20121201.0,0.00035000000149011613,-0.0052781994523383,-0.011340138147333733,-0.01984552077955835,0.03785441529201759,-0.011510404163413144,0.006954527743085054,-0.032984902962810966,0.02316521400394132,-0.007902868950601204,-0.004639712322871025
20130101.0,0.0006499999761581421,0.056400552020355224,0.07297365934041222,0.021843348315938028,0.05853085911992512,0.047168689920559136,0.05042809646686892,0.05649499760082458,0.038017845305099,0.013431892480643097,0.07589678306856251
20130201.0,0.0010000000149011613,0.00955909957182834,0.010046936663574374,0.014798737827918707,0.003582291418950351,0.016790888699819574,0.011060648765041434,0.0274154465872458,-0.024767585078357537,-0.0014302687803816575,-0.004319878570913296
20130301.0,0.0006499999761581421,0.04763452939666685,0.058880940213371306,0.03247517929127787,0.03574455340608583,0.046971036581177905,0.03598772398287302,0.044158908954958526,0.02216891652499474,0.026191484167220745,0.025854991396302943
20130401.0,0.00045000001788139346,0.029779356506177867,0.02822366677029198,0.059396543786229855,0.027229710078040505,0.05930922902473427,0.018092182927629014,0.02939104737851742,0.00651136716864665,0.008254355153441457,-0.008852558729654425
20130501.0,0.00029999999329447744,0.02488572639910748,0.015823483943378232,-0.07528491325165214,0.0715732770650471,-0.09542604899818131,0.02077552526795409,-0.02342550650476402,0.027596751789445654,0.04309971009523294,0.02129499739365715
20130601.0,0.00029999999329447744,0.010990259433435453,-0.004120438888029317,0.022892807282497075,-0.015507882317100007,0.0097260437381168,-0.015584835693479628,-0.00046085777134185634,-0.04245487822346505,-0.039029650125651974,-0.018127146081656116
20130701.0,0.00029999999329447744,0.04844602500285928,0.06732121650913618,-0.007535476540046351,0.05137003467171769,0.03977897388003303,0.04718032885837742,0.037739556445318866,0.05360612268772899,0.0345759045478352,0.04804961495651478
20130801.0,0.00019999999552965163,-0.03400812699200484,-0.03984179288738607,-0.04639795250395707,-0.05363349352705309,-0.058082551529494174,-0.033413876817963706,-0.046667099621374664,-0.0036809431780538255,-0.013595326448190042,-0.021548138851415828
20130901.0,4.999999888241291e-05,0.04579005657317365,0.02390186258847106,-0.006851584958100501,0.025017140057053487,0.004019433570320154,0.02787377304763231,0.008059757342654983,0.0404381562571607,0.025921671350763658,0.013047009449117521
20131001.0,0.00032999999821186065,0.045513248428346594,0.03917357212283393,0.07340437273509531,0.030986991896531656,0.03617500386873087,0.044061794316958496,0.0616434976909408,0.04278482084330622,0.044141704349974824,0.04121935029567579
20131101.0,0.0005499999970197678,0.03073504124562809,0.04312713379329888,-0.026026701642581678,0.0429195924659047,-0.024666297723502966,0.026786893006100394,0.013704922801264502,0.010068811002686454,0.03342705958187602,0.004700588979069022
20131201.0,0.0006300000101327896,0.020129244558998574,0.006897575184995169,-0.003332408587831477,0.019687228073131953,0.005411919419427567,0.023143525168626698,0.002196312089003397,0.044555880721745066,0.03896926493537327,0.030406015423623686
20140101.0,9.999999776482581e-05,-0.05844126198968713,0.009834937100752667,-0.04061532913107699,-0.03650502444629117,0.029256469025099888,-0.03427671656211757,-0.052082860284868464,-0.04601133333486907,-0.021346332214228082,-0.06263528899265887
20140201.0,0.00043000001460313797,0.06069360234488994,0.058340185489063244,-0.01039921516284419,0.029757085978591752,0.027455155870294994,0.04306431616886525,0.03458392057612111,0.0665900325629104,0.04345010503577766,0.045531950838788554
20140301.0,0.00028000000864267347,-0.025290513232801702,-0.009799493925363587,0.047137797294897414,0.03191087423682519,0.033410182492360684,0.007891516130611446,0.021449700594240655,0.007122657097953765,0.008898680397357367,0.02345051558987368
20140401.0,0.00019999999552965163,-0.016708508196777685,-0.010338492990444486,0.0042100777191139485,-0.017093713214785995,0.04186646129433963,0.005330951803995445,0.027460845896248663,0.005085378261253549,0.00035157181515884484,0.05064214409140257
20140501.0,0.00029999999329447744,0.025542934686037144,0.02508356020023629,0.0338622305685405,0.01232564696687452,-0.017656449978668942,0.020791837855251336,0.0177867084177223,0.02856662692827958,0.03378246573710073,0.010182603125919124
20140601.0,0.00019999999552965163,0.017449827069981588,0.020185933702730745,-0.013342473955932648,0.022067386688520693,0.042114513028718395,0.018899398318932528,-0.004507958373973502,0.014303325302166202,0.0217613078576294,0.04874534446494853
20140701.0,0.00017999999225139617,-0.015590572798445453,-0.0019129054610605512,0.02546120046991055,-0.016903342551356528,-0.06896702631922304,-0.016113823383771653,-0.03494570425102545,-0.02053375742481192,0.011099163937335139,-0.034519237476390796
20140801.0,0.00017999999225139617,0.04377725232591575,0.04900867568279358,-0.010598225602742877,0.04142616993159204,0.045111357589650854,0.03812309277001936,0.046953698207813005,0.03703578047362587,0.03945906241072303,0.019065045331201295
20140901.0,0.00013000000268220902,-0.030110728910765577,0.0010958500058710673,0.0035501204091058555,-0.006584733754602004,-0.02149159493242706,-0.0158576836529131,0.002500492882137261,-0.017662387485673454,-0.009010091533489093,-0.07615226529284533
20141001.0,3.0000000260770322e-05,0.02205191119297912,0.05207346809216696,-0.0017379354368823995,0.02895953497843699,0.07800388086947317,0.023642671756273485,0.034660782407945144,-0.02564013893899444,0.01887794275817466,-0.02991978368201818
20141101.0,4.999999888241291e-05,0.05167149124372011,0.031034308058784373,0.011004752006724341,0.020439932408067966,0.006098631837028211,0.02445241011164461,0.05310214778500411,0.01109471508461929,0.0500730925626156,-0.0891271301628048
20141201.0,0.00037000000476837156,0.009589117880554164,-0.013305990638614854,-0.06157723091271514,0.017708898708789226,0.03588987922769546,-0.003330522541389256,-0.012746304018715696,-0.008831172794490666,-0.015200023627744879,0.0038162118553764644
20150101.0,4.999999888241291e-05,-0.03238804206546142,0.011525891995674612,-0.022418866604577918,-0.06996063284448871,0.022550439073469337,-0.031040805838410655,-0.01352001953125,-0.020460274249595966,-0.03913297267318461,-0.048824585037641935
20150201.0,8.000000379979611e-05,0.08418327396029734,0.04055666642587731,0.06584853311810934,0.05648198024729859,-0.06965293781206751,0.05400489499087256,0.04149184345283675,0.07788171904209264,0.0789418149303349,0.03505689959790856
20150301.0,0.0002500000037252903,-0.006646064030429757,0.0072361930892633946,-0.03787357274641025,-0.007846778495505339,-0.01303249776349905,-0.017736821267532427,-0.024516969787876316,-0.04972865798909636,-0.03385787616093013,-0.020345967691137657
20150401.0,4.999999888241291e-05,-0.001204026144217776,-0.013825592254612476,0.04681883217825635,0.0007693491017342098,-0.004653649909298022,0.008647643904625475,-0.009693858202800458,0.031170401595304927,0.022795458079805368,0.065628542565591
20150501.0,3.0000000260770322e-05,0.010431801014181336,0.04239492536661154,-0.01861450306519713,0.016389871993216315,0.00013353563370537203,0.009586185020938238,0.006764208477943121,0.0017079149770099877,0.020439528555666858,-0.052215231201437576
20150601.0,9.999999776482581e-05,0.004283726764555232,-0.00460022948942659,-0.02316847670745033,-0.004810444872667383,-0.06301176390704306,-0.021592015458164877,-0.021929476720890316,-0.042493459212209574,-0.04369581084728436,-0.03552613490670404
20150701.0,0.0005799999833106995,0.04536192197631007,0.026989064387178237,-0.01146800347192878,0.030096655387019555,0.059571857221422796,0.017822974306059506,0.052201610967081355,-0.05093675432469695,0.029227724100024572,-0.07813321968957801
20150801.0,3.0000000260770322e-05,-0.06610386108869633,-0.08080044313969328,-0.03361680757904452,-0.06944280201158072,-0.04017917680046192,-0.06287030926134378,-0.059996123699019445,-0.057731721244068515,-0.05821058572989199,-0.0469245092229103
20150901.0,4.999999888241291e-05,-0.0022008699114247766,-0.05772517895608027,-0.036968816222504176,-0.031651425782887044,0.029023557479392562,-0.02540997487015441,0.002335782557492656,-0.07580674914176341,-0.010542494073686695,-0.06790443291764023
20151001.0,0.0006800000369548797,0.08950594310376866,0.0769542241892329,0.057936061578977176,0.06104875206558126,0.010508586487246674,0.08319750005293858,0.055970138220575005,0.13429509794836358,0.10663533460615231,0.11204375790405766
20151101.0,0.0017000000178813935,-0.004479708778106408,-0.006493877184609676,-0.013322556734461716,0.017007777710477984,-0.027814068439915712,-0.00016825470241973493,-0.013460514023643459,0.005372564034887214,0.005937365013132869,-0.007667594149201915
20151201.0,0.0014800000190734863,-0.03126069026871712,0.015094236645288302,0.01716649949434168,-0.02352191253363042,0.01649497502671328,-0.018718819890242027,0.02343301826717024,-0.04505312753270349,-0.023298030182859242,-0.10002407574052807
20160101.0,0.0030000001192092896,-0.048759195431711595,-0.07618798687378493,0.05476613471095024,-0.08960934978200985,0.05408126795223461,-0.04806199749007812,0.0076043278851928246,-0.10268541937489008,-0.04895493746239656,-0.03070642435711582
20160201.0,0.0030799999833106993,0.003605004660641858,-0.006759943455020144,0.026941625962407716,-0.03161815795407702,0.014571951529488777,-0.002431650479611924,0.0020577460034114613,0.07459869616824101,-0.015346229267006137,-0.02560564230102546
20160301.0,0.0019300000369548798,0.06232566671856363,0.02552522181879393,0.0626308527104976,0.07087199725566676,0.07391617975437896,0.06331663814185474,0.04064476437144588,0.06973122892098862,0.09101133725557436,0.09177408115640824
20160401.0,0.0019300000369548798,0.0021197856420150834,0.02944029810040473,-0.03141117399644171,0.032695740913180095,-0.023366733814474735,0.004220483680036696,-0.013554550698781118,0.05053305447452883,-0.054685801261143724,0.08652496582850958
20160501.0,0.0028299999237060545,-0.0010326221922523566,0.01985491442966965,-0.00035898735619507,0.018173643104315934,0.009190767880117915,0.01440618353708601,0.005971620423217483,-0.006152622762042533,0.052754710601771906,-0.01170336516393221
20160601.0,0.0024799999594688417,-0.012117521973899556,0.008793317800008492,0.09319441780602972,-0.03428941509057654,0.07622781499754071,0.002349716875031626,0.04847179348240982,-0.010149900968590074,-0.027986462221595797,0.031920904319398216
20160701.0,0.0023999999463558195,0.043189113747383115,0.04858471545672617,0.00016425087273940964,0.03408015418407168,-0.008723927996885626,0.03537302516822797,-0.008971768727835467,0.04939500362272966,0.07811625424022896,-0.01982865272868439
20160801.0,0.003199999928474426,-0.014338156365570752,-0.03624086696216099,-0.05726168259663545,0.035685183758600116,-0.060529279799001655,-0.0010123329133909927,-0.0063414154953479246,-0.002882804346000504,0.018419796497604293,0.006411407423422136
20160901.0,0.0025999999046325685,-0.005488840588729145,-0.006931798603826501,-0.009465215836852087,-0.02864233828885163,0.0017716415212560733,-0.0014093014344426344,-0.016890642296958715,-0.015205270551108374,0.02403876063632481,0.029478609197863184
20161001.0,0.0029499998688697817,-0.021770998039712445,-0.06359564644346505,-0.07497953105657318,0.021600874376821025,0.009985889537306341,-0.01764064371102129,-0.008208851065048098,-0.022142238696548952,-0.001347048962420577,-0.029710697920359058
20161101.0,0.004679999947547912,0.04310412190264375,0.01656789438807401,0.035490248696320684,0.13665906497306446,-0.059939396604037645,0.03294536013174795,-0.04548981377761781,0.06519444283239907,-0.005932753688417301,0.07878937413610396
20161201.0,0.004799999892711639,-0.00044742101479342824,0.005044708901991427,0.08091071222282334,0.03755298736642416,0.05186226020207979,0.01757144112626244,0.03188061382874579,-0.004274310487689394,0.015152844408936229,0.018047657110315217
20170101.0,0.005,0.03334706428871938,0.016228497290615377,-0.03499240084487088,0.0012418466557422478,0.011498953946912782,0.012124894184624422,0.011587558318023904,0.04024088916166013,0.0434185488703907,-0.03635703001718891
20170201.0,0.005230000019073486,0.0172751344478389,0.062396283247577525,-0.003872489771068912,0.050050372415220104,0.0547536553387704,0.03414864507026818,0.05196703438992253,0.005146247857132307,0.04865776671123595,-0.02732349419341338
20170301.0,0.00737999975681305,0.009951774182430971,-0.010781014324637761,-0.012310841397668013,-0.029060822486961374,0.005952644257225291,-0.0073146899398626244,-0.008401747185924261,-0.008684824017531066,0.02506649452596005,-0.011024705769063652
20170401.0,0.007799999713897705,0.02296466870848936,0.013972867650543785,-0.043833439681370844,-0.009681121538436194,0.008656842631286582,0.009253478528897614,0.007576204930834498,0.011475754003445793,0.024409347260402448,-0.029299035568316485
20170501.0,0.00949999988079071,0.007727527635614154,0.005373144055306023,-0.009792348944604401,-0.014075135281368377,0.035049002054579836,0.009755096850795479,0.026258678475248754,-0.004673309876885647,0.04148310305245468,-0.039603185253407516
20170601.0,0.009929999709129333,-0.0158362489527787,0.043602464969493535,-0.029793372960436812,0.06315212053040985,-0.028686141607587274,0.003212390072789919,-0.0260150082915609,0.01644783140499363,-0.027470932957727203,-0.002671171712213234
20170701.0,0.01052999973297119,0.014505925930218171,0.004461295897074197,0.0507043927838003,0.016064887201042807,0.021176849386682545,0.01600325656069155,0.0014254748718565654,0.010130224498299537,0.042668134882316425,0.024397906661843386
20170801.0,0.009779999852180482,-0.02335559944174711,0.014762688147668864,-0.030832861760308403,-0.018550114067849968,0.026164862691223336,-0.002200232165691162,-0.014385733700365905,0.005689811508186506,0.032374530236618924,-0.057111386633903145
20170901.0,0.01027999997138977,0.004789556709785755,0.007763389358815629,0.03519278800683547,0.0505079538466941,-0.03136701125330228,0.01816190742306238,-0.012955815245317009,0.03192996510811533,0.005937923289904264,0.09772322371836217
20171001.0,0.011230000257492066,0.018563051542062815,-0.00985557179183836,-0.08690029583463332,0.02815329884375587,0.03635696069136498,0.021442194050742557,-0.016430328612064175,0.03746423707895201,0.07673722242237897,-0.0072031770754883056
20171101.0,0.012380000352859497,0.046532568680149676,0.025541696421878653,0.05901794364086906,0.03275451439274302,0.020078582492809725,0.024918654759343975,0.05299040237036138,0.0004297938719083102,0.009340670230892247,0.012344189406378003
20171201.0,0.013550000190734863,0.024847041731531804,-0.007276851796647815,0.0577034146510231,0.018283218888225324,-0.06602156922422538,0.010778423769628578,0.01963268508379779,0.015054095700546475,-0.0003072387433681662,0.047380565549544416
20180101.0,0.014299999475479126,0.08650166710740999,0.06047020006691847,-0.006443109995953531,0.06360738373568464,-0.03183971422800699,0.05219604026651486,0.012218336289530209,0.03799400761502147,0.07566575702670113,0.03756967449326263
20180201.0,0.01618000030517578,-0.031047256248587347,-0.04287878785146593,-0.07054545084635416,-0.029526815206776764,-0.04377706617745552,-0.0364358944152999,-0.07600907709676724,-0.04911005050675615,-0.0011177228369498343,-0.11343390982854024
20180301.0,0.016699999570846558,-0.025904448369066906,-0.030884652290888527,-0.011150278475884179,-0.044583206410424715,0.033322614179913355,-0.027382626202609874,-0.011513754126672344,-0.04369062045147867,-0.03948513043873006,0.015529775426779304
20180401.0,0.01763000011444092,0.029360012789086645,0.012819053174272683,-0.02248591190612217,-0.0047646988866249925,0.01771538068611796,0.005544095360442682,-0.04260836007747139,0.0022195380915384978,0.00031532852709499664,0.09285754925888814
20180501.0,0.018700000047683716,0.021778210010806733,0.0004942603923686863,-0.02273347444075727,-0.01122217151783447,-0.01675839688827175,0.023575861728774593,-0.012499013772774435,0.024482406686356963,0.07134097978642666,0.025323156473424164
20180601.0,0.018799999952316283,0.03123702170249804,0.010050562722613444,0.02243390701691559,-0.020189224713599463,0.02503208937598104,-0.00012132048048657504,0.03981763585156229,-0.006827802926870414,-0.003931453443461523,0.005713266913030009
20180701.0,0.019850000143051147,0.02500118916636575,0.06785807247063035,0.009991972961902885,0.05145644910143147,0.01753385437176571,0.041161607386631584,0.041717901419880875,0.03574396539911406,0.02035870825281809,0.013569817671675106
20180801.0,0.02055000066757202,0.05110569911162278,0.04158040476015007,0.029344914508965866,0.011792607844619508,0.011400316894819873,0.028481126582707888,0.005341341246893026,-0.005513026650978011,0.06736098198941289,-0.037915449210985774
20180901.0,0.021500000953674315,0.009696315242565524,0.027915474863734,0.04260015146817409,-0.023736500627687243,-0.01146536743669053,0.005875131089399684,0.008029179437530573,-0.021081596141559307,-0.0038727969196424303,0.02434339391260218
20181001.0,0.022780001163482666,-0.11841436386764169,-0.06887112971387585,-0.06023044525155142,-0.048736275981537326,0.020991101766022674,-0.07331810789912702,0.019300261234195714,-0.09903515201320483,-0.08047978296640465,-0.11328017163098511
20181101.0,0.02308000087738037,0.020491379518558898,0.06612484652371164,-0.006760367440690157,0.02576569992311265,0.02941064557507991,0.015671973787570945,0.018194001063037247,0.03394859678436438,-0.021214670206729364,-0.022015766525829834
20181201.0,0.022999999523162843,-0.10565105691150042,-0.0907538701902477,-0.0739356852123844,-0.11447614344845776,-0.039374901501628146,-0.10164841510258019,-0.09394257933118717,-0.08786586894743191,-0.08536150357368666,-0.12818141602386748
20190101.0,0.023399999141693117,0.12048334330580128,0.057183781652531206,0.10066292941045307,0.08588027412016064,0.03724318552885467,0.0917011741412163,0.05851439505219676,0.06410509964253225,0.06877633354106294,0.11021762781408019
20190201.0,0.023829998970031737,0.021405230849451836,0.0106818228163754,0.008183306055646482,0.02177254245645424,0.036891494542602786,0.030407175980781128,0.0201454624277328,0.029688991605633947,0.06625910796824762,0.019392121939118854
20190301.0,0.023280000686645506,0.03026080313846851,-0.00013176485292595516,0.023896056336241884,-0.02747804729745127,0.0258949648013642,0.012929623839234433,0.033529918689020166,0.0028299415073157496,0.04751542426725134,0.01981499711890766
20190401.0,0.02368000030517578,0.04895890915915315,-0.03094668800631535,0.0622146960493205,0.08839160455494086,0.008911645860417443,0.03412173546973137,0.02193146789281937,0.033161984293554755,0.06357952324025468,-0.0001430326335126084
20190501.0,0.022929999828338623,-0.07865427955643543,-0.02498068126294072,-0.05952594718321889,-0.0737714107108656,-0.007864137241344006,-0.06783456261043813,-0.04081254888909091,-0.08456102667467484,-0.08913272443061801,-0.11704605461560125
20190601.0,0.020350000858306884,0.07899816675138065,0.06331484545961874,0.042597709961154605,0.06564500158345592,0.028334880838639484,0.06913607281886046,0.04587318614535972,0.1072107684283737,0.09054511776448965,0.09059772164421051
20190701.0,0.020299999713897704,-0.005690126629106929,-0.03227160021177579,0.008765046229006656,0.0035915583145935247,-0.014075300215101044,0.0030187590970097104,0.000687583555991095,-0.006549812697800263,0.01567930900855429,-0.019650632139679866
20190801.0,0.019329999685287477,-0.01588453233205832,-0.007547133124122841,-0.01971394685526877,-0.04836642000191069,0.04809765462993679,-0.018071920527490272,0.013177020267247166,-0.028811122891077623,-0.019114350850044738,-0.07474956908529683
20190901.0,0.017699999809265135,0.012256926573949493,0.0014108558102315751,0.004082078690759639,0.04463147070760996,0.039722693220198516,0.02328282826163493,0.016063174732708223,0.03623085410280654,0.01443386711039835,0.03563223169326685
20191001.0,0.014980000257492066,0.0005476830051906464,0.04790048403126494,0.0272630214465088,0.022447010992922563,-0.0060700044430332485,0.01805486436104361,-0.004206788589059307,-0.0027069622417986512,0.03809359708660509,-0.02395168737847214
20191101.0,0.015399999618530273,0.005936408973890843,0.04514725862964969,0.0373646717220247,0.04825731988480013,-0.024004466817618857,0.029586461763916674,0.009070819195337166,0.02446213684869262,0.05164942190486602,0.011039214865821293
20191201.0,0.015049999952316285,0.024493311086936247,0.03329818494844461,0.017933181486550136,0.022698195963445553,0.034009282894568664,0.027650787709449485,0.02132723180919524,0.03058229806007154,0.04349714947112431,0.05284281929918884
20200101.0,0.015099999904632568,-0.001047256472612298,-0.031010465497806377,0.006606457565924076,-0.02794346415767572,0.06520612528150876,-0.005901956995577482,0.0007101406138716646,-0.06648270755782477,0.038940638494458356,-0.11175126013879128
20200201.0,0.012300000190734864,-0.08156650089866327,-0.07359333073516058,-0.06338873643637667,-0.11345804305771763,-0.1051775821348697,-0.08698069298104172,-0.08517895346701411,-0.08958998593894216,-0.07447834196561706,-0.1527192294080305
20200301.0,0.00029999999329447744,-0.13881320936095506,-0.04276912314139883,-0.1220437599794708,-0.2148400739069659,-0.10597462636375088,-0.1310199233319579,-0.06360399844063998,-0.1495360417244929,-0.08706204702501084,-0.34969290981772694
20200401.0,0.0009000000357627869,0.24519284517823045,0.15891255170341645,0.1350847804063963,0.09340502962371265,0.07578721694899444,0.16586732232644288,0.09720539626903524,0.19826068162870167,0.13733419514558273,0.29655327578342683
20200501.0,0.0012800000607967378,0.08879473284264307,0.03957379347363975,0.05994372148141684,0.024263870499123003,0.049987741836174285,0.06107161690135284,0.01984888509290858,0.08637898478137031,0.06831407206033913,0.006697747220045071
20200601.0,0.0013500000536441803,0.0474397855463665,-0.018044801608799788,-0.005583473438243238,-0.005238436304830861,-0.04866736003334635,0.0202416789542537,-0.00757520126381619,0.01854347832942691,0.07076560587645717,-0.014163739959126393
20200701.0,0.0008299999684095383,0.08964948174041608,0.04752565725826806,0.0656548656771923,0.03520197065549818,0.07752366793028954,0.05318881344911525,0.06759682287523336,0.06983485621757593,0.0555893921089413,-0.0534682932375631
20200801.0,0.000949999988079071,0.09029961071156695,0.02095588802634302,0.09051067152044052,0.041271992486004175,-0.02933460187376796,0.06448700777869422,0.046583775896231486,0.03692346989656092,0.11831297257004891,-0.020544659535916113
20200901.0,0.0008500000089406968,-0.03979363717201865,-0.02217732630185133,-0.06482007380483217,-0.03670011802950437,0.011357872204894244,-0.041181016302260384,-0.017777567981841616,0.012273524796458738,-0.054157027540056676,-0.14637896625454386
20201001.0,0.0008299999684095383,-0.041143006088435866,-0.04129261944601205,0.005422259597976308,-0.010467678760328216,0.04843196608296464,-0.03423349161021028,-0.032059808982433914,-0.011531768076743462,-0.05154389328805803,-0.04690315139697836
20201101.0,0.0007500000298023224,0.07417925448229025,0.06666723797537986,0.09544642185477778,0.16753772244359133,-0.006534914295627175,0.09872881999313396,0.05749943459843794,0.10715887938660804,0.11261074770743092,0.26565816879336357
20201201.0,0.0006499999761581421,0.017013233234858944,0.03152996359403353,0.030699924226940456,0.06050379442140402,-0.003124316484259139,0.030225967363007856,0.009905897382965713,0.007873488016476185,0.05681468847945924,0.04270825977417082
