Date,SMALL LoBM,ME1 BM2,ME1 BM3,ME1 BM4,SMALL HiBM,ME2 BM1,ME2 BM2,ME2 BM3,ME2 BM4,ME2 BM5,ME3 BM1,ME3 BM2,ME3 BM3,ME3 BM4,ME3 BM5,ME4 BM1,ME4 BM2,ME4 BM3,ME4 BM4,ME4 BM5,BIG LoBM,ME5 BM2,ME5 BM3,ME5 BM4,BIG HiBM,SMB,HML,Mkt-RF
199901,7.7747,6.2155,4.5265,4.1364,4.1904,6.1976,1.2818,-1.91,-2.8424,0.9957,5.0723,0.5408,-1.7289,-2.1216,-1.3263,1.7078,-3.5139,-1.4837,-3.6945,-2.2996,5.9954,1.4096,2.0918,1.7504,-0.2376,0.76,-4.6,3.5
199902,-7.6765,-8.2803,-6.1662,-5.5277,-5.8106,-9.2087,-9.6429,-7.4256,-7.8588,-10.6177,-8.8871,-8.7963,-6.3184,-5.9904,-6.5517,-4.8418,-4.5968,-3.5514,-4.3964,-1.6091,-4.6568,-0.7938,0.0908,-0.9056,-1.2177,-6.09,1.92,-4.08
199903,-2.2424,-7.0027,-1.3659,-4.0571,-3.0261,0.3645,0.8763,0.1323,0.0347,-3.6729,5.2463,1.9965,2.1935,-0.4262,-0.1376,3.1952,3.9405,1.8555,0.5631,-0.4156,4.4262,3.0608,4.5264,3.4402,2.0625,-3.79,-2.74,3.45
199904,7.4924,9.5564,11.2248,11.8186,8.7538,10.7835,10.5542,7.1653,8.2911,7.3661,7.6638,12.8162,8.9354,11.0306,8.7451,6.1303,11.6142,7.6292,11.7348,8.8967,0.752,8.6999,7.4365,5.9041,2.2409,3.91,2.46,4.33
199905,1.9602,3.6074,2.1327,2.1749,4.1747,1.0744,0.4431,2.7517,4.5425,3.7926,-0.5881,0.0094,0.649,1.9722,2.4018,2.6413,-0.6564,1.8666,2.1514,1.0197,-3.2029,-1.5209,-2.0348,-0.7307,2.9241,3.34,2.35,-2.46
199906,7.0288,8.0966,8.908,5.4765,6.1495,8.4418,7.3596,6.9135,4.4674,6.941,4.7442,4.5446,2.8662,1.4002,7.1522,7.6168,7.9173,2.7171,4.0319,3.9319,7.0233,2.999,2.7965,0.0226,0.0356,3.09,-3.19,4.77
199907,1.0801,2.3552,1.5854,1.3527,1.6319,-1.6013,-1.1821,-1.1555,-1.9004,-3.8173,-2.5304,-2.0831,-2.4416,-1.4525,-1.6906,-2.7421,-1.7689,-0.8872,-1.7484,-1.6829,-2.8822,-4.2626,-5.0928,-2.7091,-8.0751,2.6,-0.44,-3.49
199908,-3.4738,-1.7239,-1.8519,-1.6529,-3.653,-3.278,-4.0534,-4.8079,-2.7445,-4.4135,-1.6873,-5.6561,-3.9497,-3.6987,-1.4236,-1.6529,-4.7772,-2.6633,-2.6416,-6.7599,0.5961,-2.3872,-3.314,-4.3184,-1.1831,-0.94,-1.87,-1.38
199909,1.7952,-0.3572,-1.0309,-2.1549,-3.9058,-0.0037,1.5819,-0.8831,-2.0226,-1.8814,3.2826,0.8946,-2.2507,-3.231,-1.84,1.5844,-3.8156,-2.9891,-4.6241,-1.6235,-1.9553,-3.4275,-6.4783,-9.6006,-8.1025,3.41,-3.5,-2.79
199910,-0.3935,-0.2108,-0.6653,-0.9204,-2.6411,2.8976,-0.3597,-1.2604,-0.9189,-5.2035,2.7121,0.6082,-1.0835,-1.4947,0.5888,7.9112,1.1409,2.2701,4.2117,4.842,6.3063,10.3724,8.0585,4.6199,5.2976,-6.64,-3.37,6.12
199911,19.5281,12.9666,9.7274,8.0396,6.5378,12.0975,9.6434,4.5788,3.2357,3.1226,11.3876,7.7067,-1.0169,-0.1364,-0.1586,11.7229,-0.2643,-1.5053,0.6535,4.632,4.1159,0.1238,-3.31,-5.675,-1.2224,7.2,-6.11,3.37
199912,24.8147,26.3359,8.2137,12.2543,7.4816,17.1038,12.306,4.6736,4.1638,6.7166,15.6261,10.9413,0.3519,4.2409,2.9295,21.2302,5.2093,0.7175,6.9891,1.5566,7.7813,4.6248,-0.7188,0.3588,0.2461,7.02,-8.32,7.72
200001,9.5503,6.3654,4.7576,3.453,4.8154,0.2661,-1.9338,-2.8999,0.5775,-3.1565,-3.3654,-5.2253,-1.3092,-4.5555,-5.4824,-3.9731,-2.9582,-3.8416,-5.1878,-8.5653,-4.9648,-3.8543,-5.2493,-6.6452,-10.2519,5.79,-1.91,-4.74
200002,37.7711,42.748,21.7562,26.2609,14.7043,28.1572,19.0099,4.0727,8.8455,14.2231,23.0405,14.0402,1.1352,0.3097,-1.7915,25.8801,1.2124,-2.4899,2.4742,-1.7345,0.3221,-5.5935,-7.7666,-9.8957,-12.6966,21.42,-9.7,2.45
200003,-13.8849,-19.1358,-8.6708,-7.2499,-2.527,-12.9971,-6.3485,0.4943,-0.6407,-2.4357,-13.1712,-2.1775,10.7078,6.0434,13.7184,-2.9978,12.4806,14.7081,10.0482,12.0735,9.2398,11.2503,9.9804,16.036,22.113,-17.23,8.17,5.2
200004,-23.0119,-18.4645,-10.2606,-11.0014,-9.9148,-12.0504,-8.8024,-5.9769,-2.0521,-2.5634,-9.9029,-0.4797,-1.369,3.0821,0.2209,-7.0854,-3.8207,2.5691,1.1876,2.1564,-4.1935,-2.645,0.4298,2.4509,-0.7549,-6.68,7.26,-6.4
200005,-14.3739,-9.2527,-5.8785,-7.5749,-6.9763,-10.153,-5.0293,-5.5176,-6.6365,-0.7599,-5.3661,-2.8948,-1.6097,-0.5434,2.4239,-7.539,-0.63,-0.2978,-2.1235,1.3315,-3.4773,-1.5894,4.7481,1.4086,6.9549,-6.09,4.81,-4.42
200006,28.8671,28.8116,17.9515,19.106,10.1158,14.5195,11.2721,3.3345,4.1701,9.5464,14.7796,2.8265,0.7332,-0.8459,2.0032,10.9311,3.1747,-3.7949,-3.1215,-4.3317,5.6216,-4.5538,-6.337,-7.9664,-3.97,12.85,-8.43,4.64
200007,-8.6038,-1.1891,0.7624,1.3407,1.3213,-7.5666,-1.4416,1.673,1.4315,0.3586,-10.0844,-0.8519,3.9463,2.4201,7.4,-7.2889,-1.0744,3.4056,2.3817,1.8432,-2.9861,0.6761,5.2563,7.1569,2.3107,-3.06,8.3,-2.51
200008,9.1357,8.5968,3.8157,5.3726,5.4112,8.1334,4.3678,3.6947,6.7112,6.8133,8.1879,10.3988,6.1562,6.6336,7.5728,13.9813,5.8562,6.2701,7.027,6.7473,7.4186,6.2651,11.3112,5.616,5.6996,-0.62,-1.38,7.03
200009,-10.6127,-1.2745,-2.729,-0.4437,-0.6544,-4.1831,-3.7015,0.1605,-1.8917,-2.0483,-10.3512,-3.1733,-0.6199,2.6696,1.6431,-9.7703,-0.7499,-0.1843,2.1778,-0.6868,-6.1322,-2.082,2.4693,9.1817,-1.6371,-1.82,7.17,-5.45
200010,-12.0582,-10.4713,-3.6191,-4.8355,-4.5954,-9.3756,-0.1968,-0.7375,-0.436,-1.7693,-10.7403,-1.5272,0.0504,-1.0189,2.2896,-5.6535,2.2032,2.0523,-1.9269,4.0095,-2.0686,2.1515,-5.0186,2.68,3.3731,-3.87,5.7,-2.76
200011,-20.6671,-12.88,-6.3705,-4.9139,-4.6694,-18.3794,-6.2945,-3.0279,-4.7377,-3.1891,-19.6611,-6.494,-5.5339,-0.4017,1.6007,-19.1415,-1.7426,0.8632,1.1828,0.9671,-10.5263,-6.1271,-6.8946,1.1829,0.548,-3.43,12.32,-10.72
200012,-9.7966,1.285,0.8447,3.254,2.8306,0.0481,6.9562,11.9901,9.9427,12.6413,2.0993,13.5452,11.3053,13.4847,10.1714,4.2311,8.0983,12.0246,13.2727,11.8341,-1.3752,8.7538,6.1501,7.9388,0.4421,0.72,7.61,1.19
200101,27.1087,17.7462,12.9981,12.198,13.2182,14.375,7.6797,4.5159,6.3223,6.0191,12.9861,3.0007,-0.063,-1.3343,3.4887,7.3251,1.5068,-0.4864,-3.3677,6.8065,3.2503,2.9117,7.1449,-5.4891,1.5723,6.69,-5.09,3.13
200102,-13.111,-10.1349,-2.5207,0.5348,-0.1935,-14.0202,-2.1546,-0.4519,-3.2354,1.7883,-16.9696,-4.1078,-0.9092,1.6808,-0.9905,-15.5931,-2.5048,-0.1275,0.0364,1.8211,-11.9656,-2.5127,-2.0424,3.8869,4.2933,-0.79,12.48,-10.05
200103,-12.7665,-1.3326,-1.404,0.1014,-1.9409,-5.484,-0.6071,-1.6572,-2.0393,-1.4237,-11.993,-5.0948,-2.7808,-3.1878,-0.6256,-11.93,-3.5362,-1.2525,-1.1946,0.2876,-8.5425,-1.9489,-0.3145,-2.7473,-2.6452,0.24,6.42,-7.26
200104,9.7454,7.0876,3.176,4.4659,5.2269,11.1158,5.2593,7.0589,3.9094,5.1591,11.2273,9.104,6.0964,5.5449,4.5065,16.5099,7.0621,5.7707,8.2002,7.7981,9.0891,5.2307,3.3722,2.0131,7.4412,0.55,-4.68,7.94
200105,12.6887,11.6377,9.9463,11.6909,10.0856,1.7241,4.1616,2.2484,4.4921,5.6075,4.9872,-0.4137,3.5812,1.5785,1.8424,3.3881,4.3217,3.2053,0.3672,4.3666,0.1083,0.5868,3.7612,4.0086,5.6966,2.49,3.38,0.72
200106,2.2089,2.4276,4.352,3.0781,0.8431,6.6887,10.2339,5.7804,6.6346,4.8601,5.0946,-1.4154,1.4497,0.0548,1.123,3.6089,-1.2591,-0.6938,-3.4696,3.5989,-2.2855,-3.2659,-0.3102,-1.9328,-3.0661,6.24,-1.13,-1.94
200107,-9.1247,-7.0842,-4.0513,0.281,-0.0908,-10.4984,-7.8572,-5.8368,-3.3649,-4.0754,-9.0767,-4.7422,-2.1509,-0.3578,-2.0372,-4.9036,-0.4469,-0.5722,1.5725,-0.2467,-1.5851,-0.0666,-1.5525,-4.3495,7.5709,-4.19,5.21,-2.13
200108,-8.3332,-5.5551,-3.7471,-1.64,-0.9015,-10.1011,-3.8791,-3.026,-1.6673,-1.1522,-7.3853,-2.9303,-2.6941,-2.3053,0.3374,-7.3466,-3.856,-3.7015,-1.537,-8.9144,-7.3,-4.2075,-2.653,-8.3695,-8.3486,2.48,2.3,-6.46
200109,-16.2816,-15.2885,-10.1565,-10.0708,-12.7027,-18.9157,-15.4893,-12.778,-15.1279,-16.22,-15.5733,-12.7668,-11.9792,-13.5069,-18.861,-16.0825,-12.9978,-10.4231,-14.4112,-15.154,-7.2061,-10.9302,-6.5791,-11.4259,1.6352,-6.23,1.45,-9.25
200110,8.951,8.2389,6.0553,5.126,4.3313,11.6172,8.0076,5.8664,2.8893,4.234,13.6978,6.1219,3.7307,5.2432,9.6002,8.3577,3.4837,1.3166,4.052,1.9946,3.4254,-0.5718,-2.0874,1.902,-14.6371,7.49,-7.66,2.46
200111,6.3246,10.9565,5.3748,5.7462,6.6429,10.1331,8.0962,6.5692,9.5323,12.7099,10.0183,6.2495,6.9142,9.5663,13.0824,10.4135,9.0584,6.7491,10.3308,8.7861,7.4963,8.8008,4.5189,11.2488,11.2876,-0.47,2.22,7.54
200112,13.2134,6.0744,6.0777,5.7205,7.1388,8.1989,5.6799,6.6485,7.869,7.4155,5.4002,6.118,7.8559,5.3774,4.377,3.901,4.7297,4.8537,6.8833,3.7795,-0.0495,2.604,3.6248,0.4565,1.3074,4.73,0.85,1.6
200201,-8.1033,-1.4701,2.4252,3.3751,4.8933,-6.5862,-2.4985,-0.2658,1.3354,1.6014,-4.9242,-1.7429,-0.7913,2.4871,5.2901,-4.1941,-0.0406,1.4564,2.6373,-3.8019,-0.7371,-2.2337,-0.5926,-1.8211,-9.1858,1.19,3.44,-1.44
200202,-10.5738,-5.6267,-4.4226,-1.3869,-3.1227,-9.7576,-4.5103,-1.1034,0.7426,-0.4715,-7.2686,-0.5833,0.1791,-0.4126,3.7114,-4.1855,0.7356,2.5174,-4.4114,3.4047,-2.515,0.4698,0.377,-3.4058,-12.7631,-1,2.16,-2.29
200203,5.7983,7.6722,8.6886,8.2754,9.3253,8.773,9.1453,7.3594,8.2094,11.7555,8.5639,6.912,6.7964,7.7161,8.9006,6.7603,6.6457,5.9896,4.6282,8.0056,2.9804,6.1166,3.4226,9.2375,0.1097,4.21,1.06,4.24
200204,-10.127,-0.4352,1.6647,3.8777,5.4105,-4.7907,0.3641,3.7803,3.8026,4.6109,-4.986,0.9571,1.8936,0.9981,0.7077,-3.0262,-0.1053,-0.2067,-2.3516,0.734,-8.0486,-2.9323,1.4302,-2.1161,-22.1472,5.96,3.88,-5.2
200205,-6.9846,-5.6717,-3.3888,1.3578,0.1811,-7.8823,-4.3445,-4.6805,-3.2765,-6.3007,-5.7578,-2.8658,-3.9109,-3.2029,-1.9329,-3.0356,-0.3938,-0.9545,-1.2289,0.595,-1.3613,0.4382,0.4415,0.9552,-7.7067,-3.21,1.53,-1.38
200206,-8.7519,-7.4215,-1.2412,1.0926,-1.0665,-7.9425,-4.3149,-2.6064,-1.8267,-2.8798,-7.5356,-7.7003,-4.7403,-5.4735,-7.2083,-9.6673,-6.4504,-7.2855,-5.9785,-8.2499,-7.5712,-4.7392,-6.3206,-10.0315,-13.5638,4.29,-0.03,-7.21
200207,-19.563,-15.6682,-14.9011,-11.4293,-12.2963,-15.9856,-17.145,-13.7814,-15.2183,-19.6824,-9.3687,-9.1214,-11.926,-12.2712,-17.3659,-9.8185,-8.7942,-8.9508,-12.4606,-19.0324,-5.4976,-10.0688,-7.1734,-10.5376,-14.6754,-5.28,-3.85,-8.18
200208,-0.2274,-0.4632,-2.5697,-1.0501,-1.677,0.3019,0.1469,-0.307,1.1018,-0.3894,0.7302,-0.4245,2.5264,1.5994,2.3711,-1.2479,-0.1065,1.3283,0.1328,6.6776,-0.1863,1.0277,1.7884,5.3369,8.3212,-2.86,3.29,0.5
200209,-11.3003,-7.9325,-8.1403,-7.1066,-6.6865,-7.9183,-6.7908,-5.8362,-7.3826,-9.5377,-7.6354,-8.9238,-9.5306,-7.8763,-9.0209,-8.7554,-8.6108,-11.8737,-11.3283,-21.2864,-11.0737,-11.3171,-9.0775,-8.5191,-6.1906,2.4,1.47,-10.35
200210,5.9893,4.6416,2.7948,2.0693,1.0317,10.8565,2.6419,4.2863,1.713,-1.4999,7.313,2.8138,5.4153,3.4039,0.9082,6.7665,4.751,3.6437,3.6075,4.0574,10.3631,7.2992,4.6586,5.9064,14.1328,-3.4,-3.94,7.84
200211,17.7762,12.4778,10.2655,8.4069,9.5902,13.167,11.2771,7.2814,5.8721,8.7893,9.2992,7.7305,6.6849,5.3116,11.7122,10.034,7.6507,7.678,8.0688,15.4552,4.9489,6.2872,4.3787,6.0597,7.0492,3.19,-1.21,5.96
200212,-9.8802,-5.728,-5.1719,-2.642,-2.5892,-10.2725,-7.4953,-4.4374,-3.5821,-3.2475,-7.2385,-4.5374,-2.7181,-3.7771,-6.7036,-6.7973,-5.1725,-2.4339,-4.2948,-1.4202,-6.322,-6.2175,-3.3457,-3.7002,-9.7387,0.09,2.14,-5.76
200301,-0.1592,-0.449,-2.3631,-0.6771,0.3247,-3.4508,-3.2405,-3.1983,-1.4448,-2.6907,-1.521,-4.1131,-3.3787,-3.7655,-2.6316,-1.2214,-3.4769,-0.3085,-2.3987,-6.1094,-2.8603,-2.6331,-1.1319,-5.1344,-5.5856,1.35,-0.81,-2.57
200302,-6.0764,-3.2423,-2.3259,-1.5035,-2.1996,-2.8834,-1.6553,-2.4285,-2.805,-5.7188,-4.2018,-0.9847,-2.2623,-3.9608,-2.6721,-2.8762,-1.8095,-1.8555,-1.5304,-6.5248,-1.0956,-2.6775,-2.4003,-3.5007,-4.9207,-0.45,-1.38,-1.88
200303,2.0811,1.1416,0.5073,1.9322,0.0715,1.7804,1.4532,0.6715,1.5749,-0.2233,2.884,0.7113,-0.2481,-0.5758,3.6273,1.289,-0.3902,0.6071,2.2138,-4.8151,1.7442,0.5252,0.8746,-0.854,-2.9499,1.03,-1.91,1.09
200304,12.2847,10.9242,8.2291,7.534,9.5539,10.8162,9.3857,9.1129,9.7428,10.1677,8.4202,8.5876,10.7788,11.6917,10.1751,9.1371,7.1012,9.4932,8.9054,8.6874,7.447,9.4527,8.6906,8.9009,14.8181,0.66,1.17,8.22
200305,20.52,15.2038,11.1546,10.7553,11.357,13.4848,9.7379,11.123,10.1107,11.0946,8.4588,9.0362,9.6865,9.7225,9.2316,9.6193,10.4206,7.8212,10.5945,9.2333,4.2861,6.6074,6.7321,6.7687,7.8462,4.74,0.5,6.05
200306,6.8129,4.4261,4.5927,4.2601,5.8712,1.7563,0.6312,1.4314,2.2742,3.6085,2.6958,1.5098,0.3545,1.4085,1.9512,1.0999,1.0476,0.0245,-1.3795,8.7124,1.1128,2.2063,2.0784,-0.9167,3.6636,1.77,0.15,1.42
200307,8.7924,8.4028,8.35,9.0959,7.9769,8.2126,5.0609,5.8709,6.5346,8.0517,7.6389,4.629,1.2928,4.6108,3.9978,3.7976,3.9031,2.7388,5.0073,2.1653,1.0665,4.2174,1.8626,-0.5981,1.6279,5.05,-1.24,2.35
200308,4.3774,5.0151,3.5862,4.6724,6.4823,4.3711,3.3479,5.4589,4.8171,6.5487,4.2698,4.0481,4.8811,7.5928,8.0843,5.0961,3.6769,3.8421,4.8897,9.2576,2.0641,0.0949,2.099,2.2946,1.3196,2.59,1.54,2.34
200309,3.5937,0.2536,-0.1653,2.1949,4.9948,-2.4639,-2.121,-2.6457,-3.9164,-0.9769,-1.9101,-3.3016,-2.065,-1.3074,-0.9555,-1.6376,-2.4148,-0.6853,-1.1529,0.4039,-0.9413,-0.7614,-1.0741,-2.1692,-4.5544,0.8,0.15,-1.24
200310,6.1583,8.7912,7.8347,10.6208,11.5592,8.6711,8.235,6.7892,10.1592,11.0873,9.1468,6.7657,5.8345,11.2267,12.6661,8.0463,8.2151,7.7909,9.6515,8.2628,4.128,7.6998,8.0699,6.0801,2.7791,2.69,1.97,6.08
200311,2.8587,3.105,5.2491,3.8142,6.6499,2.5258,3.7944,3.0281,3.6467,4.0656,3.5126,3.2407,2.2579,4.9848,2.5717,1.3162,2.8953,3.6682,3.4432,4.4445,0.8379,0.2723,2.0909,0.2782,3.2206,2.07,1.78,1.35
200312,0.2317,2.8209,3.1916,1.3799,3.9972,2.1419,1.8503,3.2207,2.4817,2.3221,-0.7861,2.8276,4.505,2.0631,5.7817,0.8553,3.4882,2.4419,4.9546,3.0767,4.8849,5.7132,3.6603,6.3944,4.7758,-2.68,1.61,4.29
200401,6.0684,5.5207,5.5328,6.1628,8.8562,3.4846,3.7417,3.1423,3.5562,7.8385,3.288,2.1282,1.4003,4.6021,5.8243,1.8777,1.0117,4.815,2.7165,5.1764,1.5112,0.6022,3.5638,1.6512,6.8652,2.55,2.48,2.15
200402,-0.2069,0.0431,0.3577,0.888,0.1114,1.2441,2.0807,0.8622,0.0284,-0.1376,-0.0412,2.8474,2.9012,2.024,1.3614,2.5201,1.7241,2.3279,3.8064,0.6712,0.996,1.6564,2.7084,0.8343,5.4937,-1.58,0.91,1.4
200403,-1.4336,-0.8231,-0.6021,0.5696,-0.7415,2.2981,1.1405,0.3386,0.6242,1.9296,1.7543,1.5553,0.0063,0.3432,0.8649,0.2782,-0.4881,0.612,-0.7283,-0.9106,-2.3654,-0.5699,-1.1871,-0.5594,-1.0896,1.72,0.28,-1.32
200404,-4.0965,-4.8078,-3.9091,-3.8238,-6.3289,-4.1147,-4.4945,-2.5388,-4.1184,-8.0778,-1.9051,-2.179,-2.8383,-6.1823,-6.5306,-1.6032,-4.1649,-4.376,-2.9496,-3.1954,0.41,-2.9254,-4.7441,-2.3963,-1.7677,-1.68,-3.09,-1.83
200405,-1.7882,-0.3978,-0.2951,-0.6258,0.671,1.1769,1.9888,1.2762,1.5354,2.8582,1.5225,2.1105,1.7751,1.8402,1.5704,1.3519,2.0287,2.4512,1.8173,4.0459,1.1938,1.2176,1.1355,0.0967,1.2422,-0.2,-0.24,1.17
200406,0.8532,4.4972,4.4461,3.4048,3.999,3.482,5.1794,5.8146,5.5681,7.6156,2.328,4.4155,2.4932,1.1855,3.8729,1.5008,3.1716,2.2526,3.3797,4.2443,1.6173,1.0409,0.4093,2.9121,2.31,2.26,1.19,1.86
200407,-13.0386,-7.612,-7.1173,-5.6606,-4.3907,-8.4968,-8.7775,-4.9187,-5.4195,-4.6045,-8.9888,-5.6116,-3.6903,-3.4522,-3.8066,-6.547,-4.9028,-3.6264,-6.4243,-2.6397,-4.9847,-0.6596,-1.3031,-2.7667,-0.893,-3.81,3.23,-4.06
200408,-1.6386,-0.2987,-1.1608,-1.4142,-1.8246,-4.5205,-1.5637,-0.4839,0.8503,1.2045,-2.7564,-0.6583,0.3901,1.0434,-2.199,-0.791,-1.312,0.2978,0.6628,0.5203,-0.2843,1.5461,1.2663,1.0204,-0.1074,-1.49,1,0.08
200409,4.7089,4.812,4.8344,4.8814,3.7322,8.0374,6.2615,5.6209,3.9379,3.6516,4.1341,4.1815,3.6333,2.8916,4.8858,3.1094,2.9945,5.0401,2.7665,2.7952,0.0805,1.2284,2.5803,1.7556,3.7306,3.02,-0.01,1.6
200410,1.7911,2.5735,2.595,1.2217,0.4809,3.4237,3.1025,1.1826,0.8167,2.4814,1.7038,3.9429,2.4072,0.0167,2.3191,3.3338,3.1464,2.1755,1.564,-0.3894,1.4072,0.6088,2.7207,0.9059,2.6451,0.15,-0.22,1.43
200411,10.9005,8.5859,8.6127,8.1144,8.8547,7.3493,9.4938,9.4224,9.2949,9.4273,6.8997,5.9205,7.8605,6.2942,9.485,5.8109,7.3344,7.0697,6.8714,7.6319,3.2286,4.2312,5.2821,3.6495,6.0541,3.74,1.42,4.54
200412,5.0982,4.5207,4.3611,2.9427,5.8411,3.6165,3.579,2.3109,2.4829,3.3274,5.6778,3.3344,2.2541,1.9261,2.628,4.2649,4.0557,4.2335,4.0296,3.7943,3.7671,2.3569,2.547,5.4528,2.7714,-0.03,-0.22,3.43
200501,-6.1296,-4.4046,-4.2289,-3.3357,-1.2609,-5.5879,-4.223,-2.2619,-3.2291,-2.8235,-3.589,-3.9222,-3.7856,-0.2762,-2.8709,-2.8453,-3.5222,-2.8127,-2.2411,-2.4265,-3.1448,-1.9094,-1.2069,-1.8963,0.3739,-1.72,2.06,-2.76
200502,-1.1691,-0.0156,-0.296,0.8386,2.9931,2.3561,1.9299,3.4859,3.7845,2.213,1.0314,2.4098,2.9065,1.6684,4.0602,2.3876,2.4726,3.3801,2.5232,3.2408,0.9539,4.4907,2.5624,0.6636,5.0656,-0.57,1.53,1.89
200503,-6.2173,-2.3103,-3.3198,-2.8289,-2.607,-4.3575,-2.417,-2.7012,-0.4793,-0.2297,-1.7045,-2.3897,-2.5504,-2.392,-0.9627,-1.763,-0.8515,0.2252,-1.195,-0.7946,-1.1236,-3.8655,-0.8902,-0.0947,-0.5454,-1.4,2.04,-1.97
200504,-6.2759,-6.414,-5.4145,-6.4265,-6.2107,-7.6302,-6.2691,-6.3754,-6.1013,-4.8628,-5.0783,-4.4697,-5.3481,-4.2422,-4.8383,-4.0064,-4.5343,-4.5499,-2.9863,-2.1264,-1.1875,-1.876,-2.7052,-1.1455,-2.6218,-3.93,0.06,-2.61
200505,6.8561,6.6366,4.9566,4.261,4.8973,9.3822,8.234,7.4366,5.5822,7.108,6.1843,6.2726,5.4651,4.303,7.0883,6.0978,6.1524,4.944,5.8766,5.6839,3.9001,2.0825,1.9208,2.3905,4.2088,2.89,-0.64,3.65
200506,4.076,3.842,3.7476,4.4086,5.543,1.9509,4.2837,4.1902,4.2711,5.2539,1.8453,2.9732,2.613,4.1758,3.7013,0.971,2.4969,3.4982,4.5873,3.1209,-1.6062,1.1379,2.1491,1.3888,3.2827,2.59,2.82,0.57
200507,7.6836,8.3944,6.7156,6.7649,6.9334,7.4808,6.698,7.7134,5.9872,5.5286,4.7498,6.562,6.0887,5.8188,3.4977,6.2531,5.5109,4.9151,6.5444,4.6996,4.557,3.1313,1.8868,2.4137,4.2129,2.9,-0.78,3.92
200508,-2.7863,-0.8372,-0.8366,-1.3012,-0.4772,-2.5174,-1.2713,-1.1071,-2.1569,-1.6571,-2.4981,-0.7734,-0.8348,-0.9875,-1.0382,-2.2855,0.0742,0.1922,0.4027,-1.696,-1.5814,-1.117,-0.2651,0.534,-0.3609,-0.98,1.32,-1.22
200509,1.0747,1.7749,0.5522,0.8385,-0.7698,0.3359,1.5447,0.9843,-0.7448,1.2603,-0.6943,2.2791,1.3457,-0.5003,0.7596,0.2393,0.5657,1.423,2.7826,2.3128,-0.239,1.1347,2.4756,1.0296,2.1945,-0.66,0.72,0.49
200510,-3.5221,-3.9487,-2.7138,-2.3661,-2.0323,-3.935,-1.7335,-2.7509,-2.9695,-2.1758,-3.0344,-4.4634,-2.0455,-3.891,-3.2426,-1.1192,-3.3834,-2.446,-4.4477,-3.0658,-0.2352,-3.3267,-1.5437,-0.9287,-1.1172,-1.25,0.43,-2.02
200511,5.0877,4.1011,4.956,4.0787,3.9086,5.0666,4.795,4.7762,4.8996,4.2168,7.1432,6.5808,3.8659,4.5389,1.3223,5.1054,4.7534,3.6956,4.1547,4.387,3.7162,4.1287,3.6993,3.4321,2.3469,1,-1.18,3.61
200512,-0.321,0.1977,-0.4962,-0.025,0.8799,0.1284,-0.8371,-0.3333,-0.6424,-0.8812,0.9576,0.5402,0.6398,0.5059,-0.5706,0.2074,1.5974,2.1303,1.7551,0.4971,-0.8463,-0.1832,0.8836,0.8296,-0.4712,-0.42,0.2,-0.25
200601,11.6522,9.1304,8.4856,8.3127,8.6764,7.1746,9.5634,9.5658,9.8484,7.4633,6.0483,7.9961,7.3553,6.5592,6.011,5.0421,5.2757,4.5308,4.1222,4.0553,1.1178,3.0863,2.4283,3.8406,3.7972,5.39,1.08,3.04
200602,-0.3848,0.4445,0.134,-0.3754,-0.0427,-0.2483,-0.3854,-0.7589,-0.4352,-0.5994,0.4873,-1.2236,-0.1763,-2.4944,-0.6735,0.5008,-0.1744,-0.4379,-1.5663,1.7766,0.0822,0.3571,0.3793,0.6313,-1.1744,-0.38,-0.35,-0.3
200603,3.8501,4.8238,5.1184,4.8031,6.8405,3.3957,4.9751,7.2725,4.1736,4.7353,4.7424,4.4612,3.1032,2.0555,2.0171,3.423,2.2239,2.9542,2.4036,2.2151,0.8096,2.1757,1.3714,0.8335,0.8154,3.45,0.59,1.46
200604,-1.4096,-1.3684,-0.4129,0.8647,1.3979,-0.314,1.7813,2.332,-0.22,1.1692,-0.9474,-0.5329,1.8825,1.29,1.3562,0.8726,1.1964,0.5945,1.7888,3.5911,-0.6163,1.8002,1.6734,3.0133,5.3455,-1.42,2.34,0.73
200605,-9.4898,-5.9923,-4.782,-4.4779,-3.9604,-6.1561,-6.5664,-4.0923,-5.0725,-3.1544,-6.136,-5.4086,-3.5918,-3.3177,-2.5725,-4.8628,-3.4811,-2.2367,-3.4866,-2.8812,-2.8113,-2.8535,-2.7179,-1.4463,-2.5715,-2.96,2.42,-3.57
200606,-0.7404,-0.3712,-1.3857,0.0015,-0.4519,0.245,1.3715,-0.4221,0.6648,-0.5102,-0.7435,-0.4426,-0.419,-0.5374,-0.0401,-0.0931,-2.3837,-0.0286,0.5124,-0.9193,0.3468,-0.5864,1.0376,0.1411,1.3871,-0.39,0.85,-0.35
200607,-5.9312,-3.7171,-3.4058,-2.2057,-2.4813,-5.1113,-4.815,-3.3479,-1.416,-3.4343,-6.362,-3.2582,-3.9799,-1.6686,-1.2299,-4.473,-2.9794,-2.7244,-4.02,-1.0051,-1.0589,1.4299,2.2716,2.146,2.8351,-3.98,2.62,-0.78
200608,3.4245,2.4749,3.2991,2.2985,2.8076,3.1902,2.7657,3.3981,3.1057,1.6418,2.8047,1.9173,2.0441,2.8174,2.7734,1.2846,3.4547,1.1198,3.2146,2.6613,3.8702,2.6791,2.1126,0.1205,-0.2018,1.03,-2.06,2.03
200609,-0.2068,0.0165,0.0697,0.3588,2.2057,0.1667,1.3881,1.1505,2.0081,0.8828,1.5847,0.4543,1.8451,0.5794,0.4705,2.1774,2.4643,1.2723,1.8616,0.7682,2.4676,2.8334,2.2117,2.2463,4.2822,-1.36,0.08,1.84
200610,7.1347,6.1998,6.1561,5.0111,4.9616,6.4567,5.635,4.4518,4.5063,4.9281,5.6609,4.8364,3.4861,3.6019,5.4325,4.0869,4.6378,2.6718,3.8029,2.5931,3.5222,1.8104,3.1805,4.1202,4.5885,1.75,-0.3,3.23
200611,0.7476,3.5453,1.6255,1.8989,2.532,1.9199,2.8707,2.419,3.2985,2.8633,3.658,4.1797,4.0441,3.7931,3.9446,3.9134,3.4404,3.6298,2.8328,4.4043,1.1284,2.6123,1.878,1.9773,0.0539,0.7,0.14,1.71
200612,0.6531,0.257,1.5171,2.3495,3.5907,-1.8547,-1.1589,0.8595,0.0118,2.2448,-0.8116,-0.2405,0.8938,0.7501,1.0969,-1.0752,0.2231,0.1748,1.7175,2.5014,0.1467,1.2883,3.2617,2.6615,3.0924,-1.15,2.73,0.87
200701,1.5264,0.4749,0.0932,0.3001,2.9634,2.4093,1.1432,0.6172,1.1846,2.6568,4.5436,2.3564,2.1197,3.3469,1.2426,4.4592,3.4035,2.3367,2.1237,1.1948,2.2688,0.697,1.286,0.7651,2.6048,0.13,-0.69,1.4
200702,-0.6508,-0.6758,-0.8716,-0.6383,-0.1004,-1.0475,-0.3056,0.2136,-1.755,0.2276,0.5954,0.4599,1.7046,0.0869,1.1229,-0.4101,0.2424,0.6298,0.7335,0.3075,-2.387,-1.2403,-3.2732,-1.0792,-3.0891,1.18,-0.13,-1.96
200703,0.4656,-0.0839,1.0657,1.3495,0.502,1.1657,1.1448,0.5013,0.6172,-0.5632,3.084,2.7466,1.4573,0.7655,1.0732,1.3301,0.8203,0.8334,-0.143,3.141,0.72,1.0842,2.248,1.2315,-0.4976,0.16,-0.96,0.68
200704,3.417,0.8765,0.115,0.1811,1.4236,2.3818,2.5945,1.8964,0.5917,1.9432,4.3781,3.7822,4.4713,2.6801,2.0719,4.2152,4.8682,4.8084,3.8601,2.6952,5.4588,3.8398,3.8492,2.451,4.791,-2.15,-1.46,3.49
200705,2.235,3.5938,2.2053,3.3313,2.569,3.5547,4.315,4.1895,1.8075,3.826,7.2238,5.3664,5.1018,4.1218,3.4212,4.4072,3.1613,5.0575,4.8609,2.3321,2.8112,4.1723,4.1781,3.0355,2.6759,0.24,-0.65,3.24
200706,0.2465,-0.3012,-0.9254,-0.4941,-0.1048,-1.3451,-2.0503,-1.2902,-2.7067,-1.588,-1.0024,-0.1218,-0.4313,-1.5529,-3.3635,-0.9922,-1.5787,-2.49,-3.5583,-1.8039,-1.7313,-0.1995,-2.2241,-2.8022,-2.2027,0.76,-1.07,-1.96
200707,-5.505,-6.8527,-6.4398,-6.8138,-8.3066,-4.3768,-6.2652,-4.8192,-7.586,-9.3971,-3.1218,-3.3443,-4.926,-6.5857,-6.4191,-3.1959,-3.9871,-4.841,-5.425,-8.483,-1.0019,-1.5414,-4.2653,-5.5637,-4.8904,-2.6,-3.72,-3.73
200708,1.0948,1.1058,1.2536,1.2033,-3.0986,2.4503,2.5809,2.781,3.3721,-0.7659,-0.5807,2.7743,0.371,0.1555,-2.4422,1.3095,0.9225,-1.5772,-0.9288,-1.5263,1.8398,2.2192,1.8084,1.9812,0.0726,-0.13,-1.86,0.92
200709,2.1319,2.8542,0.3371,0.8032,-1.2356,3.2236,0.8036,0.6675,0.6632,-0.1563,3.5365,3.3536,1.702,1.6112,1.4279,3.8052,3.2063,0.6966,1.7437,0.4563,5.241,3.4426,2.9338,2.365,4.2073,-2.22,-2.23,3.22
200710,3.4021,1.4479,-0.3499,0.6783,-1.3083,3.8453,4.1053,0.5435,2.2229,-0.071,4.5397,2.2213,4.1078,-0.0433,3.4416,3.3096,2.9876,1.5302,2.1667,-3.2273,4.2189,1.669,1.0373,0.2334,-0.4321,0.13,-3.05,1.8
200711,-9.8419,-8.5414,-7.9499,-7.6882,-9.2172,-6.5941,-7.3535,-6.5168,-6.3829,-8.359,-5.5206,-7.0491,-6.228,-6.1251,-4.7019,-4.5264,-4.4782,-7.2381,-5.2767,-7.028,-3.2917,-2.2954,-5.5217,-5.1197,-5.4514,-2.92,-0.95,-4.83
200712,-0.9805,0.9864,-1.7318,-0.6257,-1.1368,1.2049,0.0196,0.0054,0.1647,-0.6985,-1.1909,-1.1407,-0.4688,-1.4673,-0.7029,0.0256,1.0553,-3.6221,-2.2153,-2.7488,-0.2225,-0.9937,-0.7707,-1.716,1.3036,0.12,-0.54,-0.87
200801,-11.3389,-8.5449,-7.1878,-4.9139,-4.6189,-9.573,-7.1583,-7.9119,-3.0711,-3.8945,-6.7887,-6.3515,-6.0628,-2.8084,-6.6877,-6.8018,-8.22,-3.2165,-5.3477,-2.7778,-8.1127,-5.2712,-4.3197,-2.8864,-4.5634,-1.04,3.98,-6.36
200802,-5.8385,-3.9827,-4.7253,-2.5558,-4.0438,-4.881,-1.3283,-1.9509,-3.5024,-3.6322,-2.9794,-1.2041,-2.5408,-1.2874,-2.8896,-0.5728,-1.5423,-2.995,-3.415,-5.7699,-2.3019,-1.8784,-3.9292,-5.474,-5.3707,-0.43,-0.84,-3.09
200803,-3.7267,-1.6121,1.6019,0.334,-0.3725,-0.3118,1.0383,1.898,1.9689,0.6153,-3.4585,1.1297,-1.7885,-1.2567,-0.3459,-0.2914,-1.8883,-3.0735,-2.2999,-0.6905,-0.1037,2.4422,-3.6605,-3.6383,1.1015,0.71,0.3,-0.93
200804,3.5417,3.5881,1.1977,0.0044,1.0198,3.0128,3.7945,3.246,2.7347,0.906,7.3994,7.4264,8.3087,9.8791,7.5446,6.3549,6.5062,5.3185,7.451,2.727,4.4174,1.3368,7.4533,3.5402,6.181,-1.65,-1.04,4.6
200805,5.5346,4.6839,2.5644,3.0397,1.9291,7.1185,3.4615,8.0538,4.9954,3.5681,3.8684,3.9606,6.9106,5.1512,4.095,4.7018,5.1471,5.0116,4.3344,3.5303,2.8256,0.1282,0.7787,-1.9239,1.8479,3,-1.49,1.86
200806,-6.2603,-8.4921,-11.0215,-7.336,-10.0663,-7.5557,-7.2299,-5.8091,-7.8914,-10.4408,-7.3731,-7.5138,-6.1219,-9.4634,-4.583,-5.9289,-9.803,-7.4731,-7.1843,-14.9321,-6.2086,-9.0453,-8.3331,-14.3368,-10.0474,1.2,-2.67,-8.44
200807,4.9174,4.2665,4.9442,7.5434,3.4097,2.1355,2.6196,4.8585,3.8372,6.6781,0.6211,-0.7272,1.7944,0.5987,5.4129,-1.0705,-1.0921,-6.4854,-2.6638,-3.1319,-1.6546,-1.2251,-1.9958,3.3685,8.114,2.61,5.42,-0.77
200808,0.8403,3.6725,2.5167,3.6072,6.6795,4.4224,4.2177,4.4948,5.6118,11.4257,2.6374,3.6345,4.7135,1.9617,5.8501,0.8862,2.2245,3.1249,4.0916,1.8142,1.1183,1.4864,1.938,-1.8653,-0.3483,3.6,1.59,1.53
200809,-13.4393,-9.9044,-8.6114,-4.1846,-6.1636,-8.7096,-8.5064,-7.1807,-4.0717,-7.2576,-14.288,-11.205,-7.4429,-7.0416,-6.1667,-13.98,-12.6799,-13.1834,-10.4697,-9.7194,-9.535,-8.8751,-7.0423,-7.1802,-3.8912,-1.23,5.92,-9.24
200810,-23.8488,-19.4792,-19.9372,-15.9234,-22.438,-23.008,-23.2883,-18.821,-19.2308,-21.9903,-22.8827,-19.5755,-16.5424,-19.2615,-21.2701,-20.4121,-20.6024,-24.8776,-21.3727,-17.6562,-14.8649,-14.9081,-14.3379,-27.4801,-13.5312,-2.6,-2.3,-17.23
200811,-13.1197,-12.1581,-12.9745,-12.0434,-16.2195,-10.7771,-10.3566,-11.5464,-9.4902,-16.3165,-12.5447,-10.1958,-9.174,-9.2013,-7.0757,-8.3535,-8.9793,-8.3875,-8.1879,-16.9466,-5.8448,-5.0911,-6.5978,-14.74,-17.8346,-2.85,-6.31,-7.86
200812,3.5671,5.8777,6.0455,3.1336,3.6885,4.226,4.6961,6.9613,6.0327,6.5152,6.9327,3.9442,2.2037,2.0453,10.0964,4.3747,6.9507,1.1737,3.4641,2.2165,1.3767,1.2256,0.4609,-2.0347,3.7101,3.46,0.15,1.74
200901,-6.8486,-8.1343,-9.3605,-16.6786,-14.8513,-6.7727,-7.3684,-10.4539,-13.8325,-18.2363,-6.195,-8.5958,-8.3125,-8.9445,-18.2491,-4.549,-6.5988,-6.456,-8.5724,-16.7806,-3.5694,-9.007,-10.752,-19.517,-14.3186,0.08,-11.29,-8.12
200902,-11.1004,-10.6711,-12.1941,-14.1109,-14.8147,-10.2759,-9.1079,-11.1092,-14.7691,-19.2346,-6.5006,-10.0646,-9.5684,-14.0074,-11.0936,-6.5793,-8.7608,-11.0777,-13.9315,-12.7694,-7.46,-10.0041,-12.2663,-19.1302,-12.3397,0.05,-6.95,-10.1
200903,11.1057,10.9715,10.3332,8.2174,10.1304,8.9476,10.5154,10.3087,8.4135,14.832,8.754,8.9102,9.8874,8.2795,13.2276,8.3049,9.6292,9.3412,9.5221,10.1615,8.3272,7.9456,9.2724,13.3909,10.9305,0.04,3.48,8.95
200904,18.4444,16.0822,16.0262,17.5647,18.1731,15.6398,18.8993,15.5672,14.6023,17.5782,14.3821,19.1238,13.2199,15.9718,15.7668,11.6713,13.8945,15.6899,15.1113,17.8255,6.8161,6.938,11.6755,14.5869,20.2523,5.39,5.36,10.18
200905,6.8101,5.4874,5.2824,4.3934,3.5998,5.1119,2.9773,2.0763,1.1956,4.9677,3.8533,1.0208,3.006,1.9157,-1.8238,3.932,2.2007,3.574,9.4191,4.1877,4.8448,5.7458,5.1056,7.0806,9.9297,-2.52,0.27,5.21
200906,7.4891,5.3357,5.3287,2.232,3.4406,6.5668,2.0019,0.7781,-1.8054,0.5852,1.8202,0.8304,-1.4936,1.2367,-0.2535,1.9423,0.8213,-0.69,-1.3762,-0.447,1.7084,-1.4331,-0.2617,-0.7144,-2.7735,2.63,-2.73,0.43
200907,8.5849,6.9957,9.4906,9.726,13.4766,6.0489,7.9204,11.3769,11.8837,12.8526,7.1222,9.7252,10.636,12.3788,15.3664,8.1378,7.5432,9.2336,10.8136,11.1443,6.0661,8.9598,7.066,8.8733,9.0541,1.87,4.84,7.72
200908,2.9943,1.6714,3.3159,4.3233,10.4774,0.1059,2.01,1.7712,3.1411,8.7395,0.9621,0.8711,4.5289,4.3481,11.718,1.9632,4.5775,2.6719,6.0308,15.2471,1.1411,3.7921,3.2537,6.7787,15.26,-1.08,7.63,3.33
200909,4.6181,5.8321,4.6488,6.7345,8.754,8.1378,7.1463,5.6711,6.6971,7.5391,6.6032,3.9956,7.1209,7.7838,8.317,6.7705,5.8479,6.0368,5.0573,8.589,3.4934,3.6018,2.6076,5.7162,0.1677,2.43,1.04,4.08
200910,-10.4259,-7.7688,-6.3978,-8.1159,-8.8338,-7.4822,-5.922,-5.8112,-8.8416,-10.4449,-5.0262,-3.2717,-5.9434,-5.7793,-10.6108,-4.524,-2.7529,-4.262,-6.6106,-6.3073,0.3454,-2.0125,-2.0003,-3.7599,-9.9404,-4.34,-4.2,-2.59
200911,0.3124,-0.4148,2.6202,1.8193,1.4011,2.435,1.086,2.1465,3.4079,6.1692,3.1719,3.2604,2.437,6.0655,7.1269,4.783,4.6844,4.4734,3.6879,4.2278,7.0955,5.7781,3.5898,4.1678,5.6197,-2.39,-0.34,5.56
200912,6.149,8.9536,7.6442,7.8973,10.171,9.3541,10.2223,8.6788,7.1967,8.8205,7.1439,7.2964,7.0073,7.7048,8.1743,6.1666,4.7578,7.4318,5.5995,6.383,0.8631,2.3251,4.1673,1.6401,-3.7993,6.04,-0.17,2.75
201001,-4.1689,-5.4544,-4.3821,-3.3527,-1.0101,-3.1661,-2.6869,-1.2562,-3.4072,-3.6441,-3.6201,-3.3187,-4.8521,-3.3865,-2.73,-3.5696,-3.9299,-5.5826,-1.5295,-2.049,-4.2357,-3.5587,-0.5339,-5.3813,0.2323,0.4,0.43,-3.36
201002,4.3462,4.5206,4.6295,4.9896,7.5229,2.0918,3.0098,2.9843,5.9179,5.411,4.3043,4.2287,4.6467,6.6081,8.7704,5.0408,7.3368,3.7245,3.9716,6.7839,2.5734,2.1702,3.7171,4.5263,5.7101,1.19,3.23,3.4
201003,6.7432,6.9794,7.6793,7.4093,9.9106,7.0948,7.6888,7.592,8.044,11.6334,9.2806,6.6418,9.8998,6.939,7.6996,7.9794,7.4195,7.5668,5.2583,11.987,4.9695,6.0673,5.6368,6.7314,8.0699,1.48,2.21,6.31
201004,6.526,7.3039,6.1095,9.665,11.868,2.0257,5.6918,4.4463,6.8336,7.5885,2.8453,5.2142,3.4478,7.2598,5.5661,3.8847,4.0013,3.6074,6.9807,5.1253,0.3844,2.6868,1.3047,-1.9666,3.4841,4.87,2.89,2
201005,-6.9126,-5.1172,-7.2585,-9.1128,-10.413,-4.7038,-6.2994,-7.0441,-9.1071,-9.9479,-6.2453,-6.0067,-7.0605,-9.9574,-9.4426,-5.3885,-8.0677,-8.8893,-7.0444,-8.0337,-7.4263,-8.1929,-8.9314,-7.5504,-9.8355,0.09,-2.44,-7.89
201006,-6.7091,-6.9399,-6.8448,-6.9466,-11.9131,-5.4337,-5.9258,-6.9388,-9.8284,-13.0501,-5.6384,-6.0485,-7.5211,-7.4908,-12.1901,-4.6218,-6.4476,-7.3882,-8.17,-9.7849,-3.8882,-6.5075,-3.1601,-7.5684,-9.4197,-1.82,-4.7,-5.57
201007,6.2187,4.7785,6.9035,6.7151,5.7921,6.886,8.0814,6.5625,7.1813,6.8828,6.3816,7.506,5.4668,8.3101,7.2634,7.0754,6.7085,7.8021,8.8,6.4272,7.2453,5.3697,7.5535,7.3208,5.2281,0.22,-0.33,6.93
201008,-8.679,-8.7446,-8.5113,-9.3399,-9.4893,-5.6932,-8.6642,-7.0754,-7.6199,-7.7449,-4.623,-6.283,-7.5634,-6.7735,-6.865,-4.2257,-4.4149,-5.4996,-3.9109,-6.4114,-4.1,-3.4646,-1.4603,-6.965,-8.909,-2.98,-1.93,-4.77
201009,11.6556,10.9762,12.7729,12.3005,10.0253,14.7991,15.1656,12.4745,10.9669,11.7537,12.9635,14.1984,12.6763,11.2944,10.9456,12.5023,11.0073,10.2612,8.2172,10.2671,10.3113,7.9919,7.9046,7.6124,7.0592,3.97,-3.18,9.54
201010,6.4948,5.863,5.763,5.1171,3.4964,3.9636,4.1905,4.2322,2.9902,2.5227,4.5655,3.2958,5.5737,3.4485,4.2157,2.5284,5.0524,2.7215,2.9214,0.2159,4.8513,4.2021,3.7716,1.9797,-0.2948,1.19,-2.51,3.88
201011,1.5611,3.7852,5.3282,4.7235,2.9833,3.6103,4.2814,3.8898,3.39,3.7096,3.9793,6.1076,1.599,4.276,1.627,4.4928,3.2981,3.0348,1.2559,0.2082,-0.8068,1.9322,-1.1845,0.3808,-3.3226,3.74,-0.92,0.6
201012,10.1211,7.8027,7.6228,8.6837,9.4122,7.3014,6.8703,8.2589,8.2132,10.7467,6.6636,8.4489,8.1887,7.3916,7.2872,5.3613,6.9337,7.9779,6.9999,9.731,4.6204,5.9796,6.6436,9.5735,14.0766,0.69,3.76,6.82
201101,-2.8965,-2.0381,-1.294,-0.8137,-1.2119,0.549,-0.9403,2.2917,0.2616,1.8485,2.1368,1.8544,0.1831,3.2892,0.3302,1.8257,3.5058,1.6491,2.7854,0.2917,1.5114,3.2773,1.6698,3.7223,3.2216,-2.45,0.75,1.99
201102,1.494,5.234,4.2904,4.5173,6.3522,5.4186,6.9117,5.4077,5.3128,5.3391,5.6511,6.4085,4.8824,5.5363,4.5864,3.8434,4.1688,4.1425,4.7634,2.6672,2.0076,3.7305,4.6935,4.0961,3.8503,1.53,1.27,3.49
201103,3.6689,4.396,1.6509,1.6832,1.5386,3.4875,3.3651,2.6913,1.6611,2.8614,4.3329,2.708,2.9879,2.01,1.4708,1.8793,3.3172,2.3046,2.2237,-0.2324,0.2235,-0.569,1.8949,-1.3288,-3.2861,2.56,-1.85,0.46
201104,2.6494,0.3088,1.081,1.4253,0.33,4.0233,2.0281,1.8047,2.2716,-0.1723,4.1791,3.6603,3.4781,3.0694,2.0098,3.6274,1.5831,1.6104,3.57,1.9852,3.5254,4.4986,3.542,0.2209,1.26,-0.33,-2.49,2.9
201105,-1.144,-0.7507,-1.939,-4.2351,-2.9111,-1.7671,-1.2471,-0.6535,-3.3959,-3.0602,-1.4185,-1.2975,-1.9028,-3.8255,-1.0929,-0.0949,-0.6333,-1.4871,-1.9614,-0.2202,-0.2982,-1.7206,-0.9157,-2.7071,-3.7066,-0.67,-2,-1.27
201106,-4.4323,-3.6422,-2.7693,-1.3302,-2.6475,-0.3825,-1.9453,-1.5525,-0.4143,-1.5525,-1.3483,-1.9572,-2.0163,-1.0082,-3.7943,-1.4997,-2.1543,-2.9099,-1.3582,-2.7423,-1.2638,-1.6824,-1.8091,-1.9606,-2.6823,-0.15,-0.39,-1.75
201107,-5.1496,-3.0086,-3.0266,-1.263,-1.4997,-3.5961,-3.7119,-4.9008,-3.3235,-5.2669,-4.9785,-3.8401,-3.1717,-5.3992,-3.5756,-4.0699,-3.7465,-3.1855,-1.5682,-3.7598,0.1645,-1.8608,-1.5836,-3.8996,-5.5272,-1.27,-0.9,-2.35
201108,-11.5871,-12.0464,-9.0623,-10.4208,-9.7671,-9.7372,-8.581,-10.3921,-8.0353,-11.2297,-7.9916,-8.2332,-8.1827,-9.3143,-8.4305,-7.7389,-8.4287,-8.1504,-7.4349,-6.4992,-3.8526,-4.5531,-7.097,-3.4359,-11.7181,-3.05,-2.36,-5.99
201109,-11.2767,-12.5826,-10.4617,-10.7598,-10.3518,-10.4922,-11.4042,-12.7067,-9.4724,-12.3295,-10.4591,-11.8215,-13.0135,-11.1833,-10.5285,-9.2785,-11.8566,-11.6588,-8.295,-9.337,-6.3398,-4.7965,-7.0185,-5.9059,-13.8115,-3.31,-1.72,-7.59
201110,12.3143,15.3025,14.0979,14.7169,10.157,18.0358,14.2674,16.3591,15.2838,14.9341,14.2874,16.6484,16.6582,16.2216,11.4547,14.3634,15.7759,14.9542,11.2586,12.4835,9.4214,10.364,12.4238,8.8295,15.0869,3.28,0.1,11.35
201111,-2.1849,-1.2894,-2.7158,-1.023,-0.27,0.1716,-1.6597,0.2958,1.6886,0.2532,-1.8785,1.0243,-0.8541,0.9146,0.3657,-0.7868,-0.3567,1.3244,1.2366,-1.4493,-0.4128,1.1716,0.4722,0.56,-6.1773,-0.16,-0.45,-0.28
201112,-0.6566,2.1471,0.9049,1.754,1.4398,-0.9498,0.6535,0.9376,0.6369,1.1756,-2.6975,-0.0328,1.1226,1.1122,1.7398,-2.2527,0.7441,-0.0831,3.7293,-0.5822,-0.5761,1.1509,3.0925,2.4744,1.3437,-0.59,1.63,0.74
201201,12.3048,8.1168,7.7479,7.3098,7.6942,8.0739,5.6606,8.3402,5.5052,4.9107,9.0555,5.054,6.8647,5.6869,3.5795,9.5769,6.2346,4.9538,2.0869,4.259,7.1188,2.3011,2.6691,2.0462,9.2764,2.03,-0.97,5.05
201202,1.2187,1.2031,1.088,0.7225,2.7236,4.3259,3.9497,1.1945,3.0222,4.491,4.6364,3.1425,3.507,3.8876,4.8263,4.6277,4.8246,4.2841,3.7663,6.1037,5.206,3.0703,3.5693,4.8675,6.8866,-1.85,0.43,4.42
201203,2.1841,3.9223,3.6307,3.136,4.8668,1.9626,1.7737,2.8316,3.1962,2.7252,1.3499,1.9305,1.8336,1.7765,-0.408,4.0249,0.3232,-0.0057,2.1407,1.679,4.0192,2.3397,1.0618,3.4691,7.7291,-0.65,1.14,3.11
201204,-4.0133,-1.9216,-2.0102,-1.2435,-0.4665,-0.2601,-1.6371,-2.5684,-2.235,-1.9626,-2.3312,-0.6955,-1.3468,-0.946,0.0966,-0.6361,-0.0945,-0.7592,1.0771,-2.8611,0.0105,-0.6878,-0.7762,-0.5008,-4.0529,-0.41,-0.78,-0.85
201205,-8.5556,-6.0395,-6.9277,-8.1849,-4.6198,-5.4298,-5.038,-7.5633,-5.4393,-7.2318,-7.7917,-6.2325,-8.167,-6.1159,-6.5605,-6.6588,-8.6804,-8.7952,-6.5837,-5.2757,-6.3736,-4.8503,-5.1762,-2.8749,-12.6548,0.07,-1.06,-6.19
201206,7.3119,7.2117,5.4993,5.3715,5.5,6.91,5.0541,3.8731,3.3985,4.5685,5.2981,3.5919,1.6915,2.388,4.0224,0.5188,1.9936,3.9591,2.7222,3.2078,2.8032,4.2828,5.5779,4.9537,5.9151,0.67,0.62,3.89
201207,-2.3072,1.0635,-2.9946,-1.7327,-2.3138,-4.1865,-0.5106,-0.6034,-1.1076,-0.8537,-2.6447,-0.2917,-1.3879,0.73,-3.7802,-2.182,0.0641,0.4585,0.1724,-1.134,1.4134,2.5519,1.3012,1.135,-1.7677,-2.77,-0.02,0.79
201208,2.5398,0.4824,3.9656,2.8799,3.3834,1.675,2.5781,2.7635,3.1899,4.4714,5.2179,3.4319,4.5883,4.1774,3.4898,4.2406,4.0528,2.4868,3.8144,6.3332,2.0856,2.3702,1.5846,0.6201,6.5492,0.48,1.3,2.55
201209,4.7943,5.4542,4.4663,4.6941,4.5795,5.2456,3.3529,3.4816,3.9502,4.0808,2.9193,1.5974,1.8046,3.1251,3.8875,1.9875,1.8815,2.3982,2.4556,3.3569,1.7753,2.5118,3.6644,3.2574,5.4748,0.51,1.6,2.73
201210,-5.0761,-5.0476,-3.7718,-3.1921,-1.4152,-5.8873,-1.7698,-1.4263,-1.6024,-1.0198,-3.7395,0.3736,0.0222,0.5651,-0.2064,-1.1434,0.0323,-0.1227,-0.0806,1.5557,-3.344,-1.2583,-2.8535,-0.3797,3.3415,-1.16,3.59,-1.76
201211,-0.2275,1.6683,0.5762,-0.341,1.2396,-0.454,-0.0787,0.7844,0.4336,2.6554,2.7474,2.7233,2.4968,2.0494,-0.1703,2.9372,2.9674,-0.3464,1.3145,0.5666,1.2617,0.5358,-0.4117,-0.3673,-1.4908,0.64,-0.84,0.78
201212,0.3245,3.7236,3.9674,4.6217,4.3007,3.5929,3.2677,3.1747,3.8827,5.0837,2.3767,3.8314,2.0751,3.2026,3.6863,2.0532,2.4442,2.9139,3.8697,3.4553,-1.0198,0.3546,1.4453,2.3462,7.2741,1.5,3.51,1.18
201301,6.5479,4.6718,5.7226,5.5612,5.7471,7.7023,5.7472,7.611,6.7164,5.0954,5.2737,6.5828,6.0806,7.3299,7.6615,7.2487,6.5177,6.4953,8.6228,9.1297,3.6273,5.6829,5.7753,6.65,7.3676,0.33,0.96,5.57
201302,-1.9431,0.7331,-0.3141,1.6768,1.6474,1.0345,1.2737,0.7095,2.1572,0.5832,0.4262,1.2561,0.6924,2.4533,1.9265,0.4947,1.2662,1.9304,0.8325,2.617,1.1539,1.2782,1.9774,2.2793,0.6722,-0.28,0.11,1.29
201303,7.7562,6.3036,4.5516,4.2972,4.3683,5.1591,5.2397,3.8831,4.4794,4.6757,4.4384,4.498,5.3328,3.5,5.3521,3.6747,4.0934,4.3577,5.4427,6.2928,3.9713,3.4227,3.3112,4.8767,3.3189,0.81,-0.19,4.03
201304,0.2541,-0.5484,-0.8804,-0.7471,0.6701,-1.0934,-1.9376,-1.2168,-1.3586,1.6625,-1.9321,0.268,-0.7851,-0.7338,-1.776,1.1851,0.9808,-0.7179,1.9453,0.9403,2.3161,1.2899,1.8917,1.6669,2.749,-2.36,0.45,1.55
201305,7.9628,4.3203,3.9044,6.3191,4.3306,5.3467,4.6525,5.5806,4.6523,7.9697,3.0221,5.8582,4.1788,4.9188,3.9276,4.151,3.1496,1.9191,3.2214,4.6033,1.2214,2.3272,1.373,3.204,9.0442,1.73,2.63,2.8
201306,-0.9627,-0.5118,1.9658,1.152,0.2757,1.8415,-0.1096,-0.3928,-0.7568,-1.3598,-0.4869,-0.9862,-1.539,-0.66,-0.2036,-2.1113,-2.5252,-1.3838,-1.502,-1.2399,-2.3609,-0.2771,0.1484,-0.3672,-2.8439,1.33,0.03,-1.2
201307,7.0969,10.2737,7.2467,9.1016,7.3549,7.1593,6.3199,6.4548,7.0011,8.1721,8.381,7.5068,6.0314,7.7774,8.9792,8.143,4.7049,6.4994,8.0441,5.0202,6.0499,4.1688,4.5466,4.7036,7.2476,1.86,0.57,5.65
201308,-2.2208,-2.6621,-2.2895,-3.8082,-3.1887,-0.735,-0.6621,-3.218,-3.8377,-3.6786,-1.688,-1.9427,-3.619,-4.7834,-3.6914,-1.7183,-2.1895,-3.1485,-2.3656,-4.3434,-1.4901,-2.4803,-3.6251,-3.7478,-4.4385,0.28,-2.69,-2.71
201309,7.2811,7.7154,7.0921,6.8192,5.9101,7.0629,6.0207,7.4464,6.0406,5.5363,5.8044,5.7887,5.7975,5.4904,4.3521,5.6324,5.6367,5.1781,5.7067,3.4424,4.3369,2.5854,2.5833,2.5666,2.2844,2.91,-1.22,3.77
201310,-0.7438,0.757,2.2637,3.9391,2.7829,0.5487,1.584,1.1743,3.8512,4.3841,3.427,3.6415,3.4124,4.1122,5.666,2.1791,3.8809,2.7505,4.6517,6.1944,4.8487,4.3392,5.3529,3.4483,3.5961,-1.56,1.25,4.18
201311,7.9236,5.2081,5.7927,7.077,5.0532,6.1401,3.6781,3.322,2.9682,5.7729,2.78,3.345,3.5003,2.6658,3.9114,2.2274,1.8308,0.8106,-0.4453,3.7509,3.1589,3.6096,1.4748,1.8456,6.5501,1.29,0.32,3.13
201312,1.9396,3.483,2.3947,1.1641,1.4422,2.7701,0.4348,3.5715,1.8471,0.8441,1.6324,3.806,2.9721,3.6244,2.4006,3.0787,3.6518,2.8419,3.3529,3.417,2.5968,2.3844,3.5772,2.2648,1.9529,-0.45,-0.02,2.81
201401,3.3041,-2.6933,-2.2724,-3.8702,-3.148,0.0742,-2.1095,-5.1985,-3.9985,-6.3044,-0.3971,-2.9894,-4.521,-2.5782,-2.2746,-2.644,-3.3464,-0.8402,-5.0601,-3.0153,-4.0354,-2.6006,-3.3587,-4.3171,-4.3038,0.9,-2.07,-3.32
201402,4.8862,3.4992,4.0029,5.6477,4.5936,4.5502,3.4905,6.0012,5.1306,4.1049,6.5535,4.7181,4.286,6.8595,4.3284,5.9416,6.0109,4.8389,5.4287,5.4335,5.1216,5.0699,2.9576,4.1573,2.4728,0.37,-0.31,4.65
201403,-4.8279,1.4217,0.2651,1.0331,1.3806,-3.9276,0.0883,1.4175,1.1091,2.4855,-4.6867,0.0495,0.568,1.3994,1.9302,-2.3014,-0.2353,0.201,1.9547,5.1365,-1.4183,0.485,2.317,3.7469,3.6783,-1.85,4.93,0.43
201404,-8.5279,-6.7623,-5.5352,-3.2745,-4.3168,-6.6694,-3.1342,-3.0431,-1.8903,-1.9693,-5.6612,-1.676,-1.8982,-1.5581,-3.1447,-3.0865,-0.8995,0.222,0.0708,-0.5504,1.5353,0.0353,1.492,2.0082,-2.3839,-4.2,1.17,-0.19
201405,-2.5951,-1.3382,-0.5547,-0.7746,-0.1998,-0.2894,-0.1461,1.6928,-0.6056,-0.3684,1.2637,0.4012,2.0118,0.5798,1.9603,2.7726,1.5252,3.2299,1.1967,1.6337,3.2066,1.4583,2.3192,1.6619,1.3963,-1.88,-0.13,2.06
201406,5.5645,10.8286,3.5701,4.1263,3.8132,7.5865,6.4696,5.7965,4.9039,5.7987,6.2187,5.3954,3.7393,4.9462,5.0246,4.475,3.7989,4.0071,3.9109,3.6228,1.1218,1.2335,2.5455,3.2992,3.426,3.08,-0.7,2.61
201407,-9.1708,-7.7081,-6.2605,-4.4096,-4.9667,-5.2482,-6.5795,-5.5736,-6.2436,-5.9004,-5.7155,-5.5759,-6.1389,-6.4516,-4.2476,-2.2321,-4.4356,-3.2311,-3.8396,-3.8099,-1.6322,-0.8399,-0.5171,-2.6182,-1.3682,-4.29,0.03,-2.04
201408,2.8224,4.5156,3.0303,4.574,3.3114,5.8072,5.3283,3.875,4.5522,5.2538,6.0665,4.0977,4.7463,5.5136,4.4737,6.1957,4.7064,5.2173,4.0519,4.5408,4.8987,4.4502,2.3417,2.3604,5.1399,0.4,-0.45,4.24
201409,-6.9546,-4.49,-6.9392,-5.6555,-5.7168,-4.9581,-4.3218,-5.4975,-5.0862,-8.0059,-2.8909,-6.2538,-4.6494,-6.6958,-7.2001,-3.1932,-3.145,-4.2193,-4.5396,-4.7991,-0.5847,-0.8431,-1.62,-4.0202,-0.1807,-3.72,-1.34,-1.97
201410,6.3009,6.8591,5.7544,7.2295,4.5869,8.3291,6.8808,6.0709,5.4034,4.1636,6.0342,6.0031,3.833,4.157,4.0571,3.9045,0.4911,3.6154,3.7411,-0.5112,2.327,2.6781,2.0492,-0.0151,1.4951,4.2,-1.81,2.52
201411,0.3404,0.1778,-1.1355,-1.2877,-2.632,1.6201,-0.6077,-0.456,-1.0255,-0.8957,2.6206,2.6032,-0.3334,0.1202,0.1135,3.2992,3.0711,3.4978,0.748,-1.9606,3.5656,3.5963,3.3364,-0.2452,0.9892,-2.06,-3.09,2.55
201412,6.0147,7.1035,5.4941,4.3786,3.9393,0.9928,3.3219,2.8073,2.6657,2.9172,1.7993,0.8518,0.4779,1.7029,0.2409,0.5545,-0.1189,0.5241,0.8105,0.7273,-1.2631,-1.4041,-0.1407,1.0522,2.3966,2.49,2.27,-0.06
201501,-3.4533,-6.6711,-4.6202,-4.876,-5.2219,-1.3078,-4.4908,-4.4711,-4.6203,-7.1231,-0.6325,-1.5358,-3.8884,-4.83,-5.1496,-1.1619,-2.417,-1.0944,-1.5132,-3.7222,-0.774,-2.6801,-4.1152,-4.1501,-7.7373,-0.55,-3.58,-3.11
201502,4.166,6.7695,6.2759,5.2173,5.48,7.2962,8.8607,6.5771,5.6768,4.9562,7.501,8.3191,8.464,6.1714,5.6792,7.5537,7.0591,7.9941,5.3754,7.6508,6.0192,5.9564,6.5708,3.9635,5.8179,0.61,-1.86,6.13
201503,-0.9142,2.6883,2.3151,1.9384,1.1665,3.2182,2.4343,0.6803,2.7476,1.2926,0.697,1.0343,1.7006,1.1208,0.9547,0.976,0.6059,1.2698,-0.5418,-0.5256,-1.0825,-2.1364,-2.286,-1.8429,-1.5704,3.04,-0.37,-1.12
201504,-4.0181,-2.7598,-2.9134,-2.1958,-0.4924,-3.8862,-2.6332,-2.6879,0.063,-0.8077,-3.1511,-1.3389,-0.9482,-0.9456,-0.5391,-1.5283,-0.2803,-1.3172,-1.6939,0.5503,0.2144,1.2045,1.3872,3.0755,1.8797,-3.03,1.82,0.59
201505,3.4829,5.0862,0.6679,0.2189,0.1162,3.0034,4.5503,2.9451,1.0393,-0.012,4.4456,2.3401,2.8958,2.0325,0.6142,2.2254,1.4441,2.7239,1.4267,-0.1522,1.5879,0.5833,1.2388,0.571,1.7018,0.92,-1.14,1.36
201506,4.3462,2.2497,2.4269,2.0441,2.1547,1.3405,1.1249,-0.3006,0.0144,1.165,0.9317,0.2909,-0.9303,-2.2515,-0.2741,-1.4221,-0.3386,-2.0021,-2.1129,0.1172,-0.413,-3.3882,-1.7147,-3.2897,-0.5646,2.9,-0.79,-1.53
201507,-5.4807,-1.2798,-4.7273,-5.5114,-6.4953,-0.205,-1.3565,-1.0728,-4.0375,-4.5121,1.8336,0.1341,-3.3361,-3.6305,-6.5061,2.3091,0.2952,-0.2814,0.6366,-1.9314,3.1595,3.3662,0.4872,-0.0104,0.7131,-4.19,-4.13,1.54
201508,-8.6277,-6.829,-4.8195,-3.5786,-1.1441,-10.1489,-5.4615,-3.5303,-4.5964,-4.4431,-7.9382,-5.5574,-3.5754,-5.1181,-2.8606,-8.2073,-5.1761,-4.6607,-3.5135,-5.4969,-5.9196,-6.551,-5.5625,-5.2929,-7.68,0.33,2.77,-6.04
201509,-8.5181,-9.2266,-5.7732,-4.004,-5.701,-9.7199,-5.1043,-5.11,-2.7143,-5.3062,-6.1683,-4.3348,-5.1349,-6.0163,-5.4638,-5.774,-4.0329,-4.2776,-3.1249,-4.4784,-1.6941,-2.8829,-1.5106,-1.8957,-5.6612,-2.63,0.56,-3.07
201510,6.4731,6.6763,5.4338,5.4391,4.4327,2.882,7.0931,6.725,5.1786,5.2528,3.9386,6.1619,7.7321,5.1187,6.9772,5.8629,7.1528,7.3026,2.4289,6.3063,8.5443,8.7059,8.7673,6.1524,7.6495,-1.87,-0.46,7.75
201511,5.3443,4.7097,3.1148,3.2032,2.3162,8.0536,2.5502,2.982,5.124,5.0101,1.9898,2.0607,0.7961,2.7762,2.5775,1.1495,0.7554,0.9153,1.5876,0.7794,0.0797,0.156,-0.287,0.1065,3.2265,3.59,-0.42,0.56
201512,-3.6972,-5.3285,-4.8252,-5.3826,-4.5644,-3.0062,-4.6946,-5.0907,-5.6625,-6.5241,-2.9688,-4.7688,-4.6815,-5.7857,-9.027,-3.3126,-3.0733,-4.5338,-5.6584,-6.6597,-1.355,-0.954,-1.4891,-2.2801,-4.1652,-2.82,-2.61,-2.17
201601,-13.5568,-14.3744,-9.5459,-6.3404,-7.5491,-17.7612,-6.4987,-8.3052,-6.9579,-8.2835,-12.0276,-6.9115,-6.8938,-6.4719,-7.1687,-9.9021,-6.7537,-6.2983,-6.8357,-8.0378,-6.0423,-3.4329,-4.237,-3.5278,-12.0453,-3.43,2.09,-5.77
201602,-3.1328,0.4297,0.0516,-1.5199,0.4646,-1.5395,0.5633,1.6738,1.5175,0.2354,-0.1225,1.6295,2.3735,0.7773,1.8857,1.0154,1.8851,0.2172,0.9247,-2.0255,0.2547,-0.2586,1.2584,0.0612,-6.4008,0.71,-0.57,-0.07
201603,3.9068,8.4694,6.3354,6.8129,6.5056,8.6136,7.0896,8.4006,7.3953,8.6558,6.0629,7.4323,7.8794,10.6888,11.5747,8.0956,7.4557,9.6007,8.783,9.758,6.4941,6.3111,6.6194,7.4437,7.529,0.82,1.19,6.96
201604,3.1506,2.6213,2.8746,1.7156,5.8933,4.5644,0.0747,-0.025,2.6626,3.5698,1.0107,-0.4213,1.621,3.403,4.5592,1.9921,0.48,2.0053,1.6394,5.2932,-0.7362,-1.0224,2.5717,2.6251,7.1149,0.74,3.28,0.91
201605,1.0268,2.324,1.4851,-0.842,-1.5578,3.3927,2.0374,0.7978,2.1558,1.3277,3.5466,1.6948,0.5972,0.7429,1.1151,3.3302,1.8508,4.6347,1.4429,1.8407,1.7235,2.1354,2.1579,-0.5015,1.9486,-0.18,-1.66,1.78
201606,-4.308,-1.4514,-0.7796,0.7708,0.9397,-0.3753,1.3372,-0.8952,-1.6574,0.0045,0.9804,-2.4076,-0.0816,-0.8393,-1.8666,-0.79,-1.1706,-0.7679,-0.6472,-4.1762,0.0493,0.0012,2.4878,1.0951,-6.6104,0.6,-1.48,-0.05
201607,4.7801,6.1898,6.9546,4.8711,5.5247,8.1521,6.5053,5.8634,4.7818,6.4735,7.0972,5.1319,6.5907,4.2064,6.175,5.1133,4.122,3.1595,2.3826,6.3525,5.1892,3.5438,1.6591,1.0321,4.4146,2.51,-1.27,3.95
201608,2.9235,2.9529,4.4339,4.0839,3.1929,0.1346,3.1404,2.1649,3.1062,3.2009,-1.0011,2.4089,3.7259,2.1859,1.5413,1.1365,0.6544,2.1225,-0.7217,5.8841,-0.7453,-0.3644,-0.1131,2.4778,4.5893,1.18,3.13,0.49
201609,11.778,2.5345,4.4111,3.0159,1.8672,5.4714,1.6263,0.9943,0.9412,0.9198,-0.3652,0.5552,0.3284,1.3276,1.4099,-0.513,-0.2036,1.059,-0.0195,-0.3156,0.5554,0.2302,0.7705,-2.5855,0.2205,2.13,-1.23,0.25
201610,-10.7332,-9.2986,-6.9353,-3.5661,-3.2153,-9.7691,-6.7873,-5.664,-2.5687,-4.6827,-4.747,-4.7454,-3.0827,-2.712,-3.85,-3.5652,-1.8948,-0.8978,-2.1072,-0.5216,-2.3675,-1.9482,-2.0389,0.6702,2.3809,-4.42,4.12,-2.02
201611,7.3022,9.3793,13.5371,13.8334,13.6414,9.4782,10.1992,13.0616,16.0931,14.5241,5.9895,8.9158,10.2505,13.305,17.1076,3.5936,7.1948,7.0004,7.3108,16.5963,1.0453,3.8052,4.4713,6.4641,14.1219,5.67,8.19,4.86
201612,1.3474,3.6315,2.6287,8.0087,4.236,-2.66,1.338,2.4348,4.5777,3.9276,0.5954,1.6815,1.5422,2.0256,1.992,0.1401,0.1256,1.2784,1.7431,2.0505,1.2578,1.3336,2.2912,3.9759,4.1841,0.08,3.56,1.81
201701,1.9819,-4.177,-0.1162,-1.8785,-0.0844,2.5521,1.7001,-0.5273,-2.0224,-0.0377,2.3658,1.8606,1.4833,-0.0453,0.7079,3.0776,3.7123,1.5711,1.7644,1.5886,3.4265,2.4528,-0.5578,1.2304,-0.2832,-1.14,-2.76,1.94
201702,2.8989,1.2603,2.1907,0.5844,-1.5242,6.0828,0.6819,0.6223,1.5359,1.1642,4.2186,1.6886,1.0876,1.3227,0.095,3.8954,2.598,3.1363,1.7693,2.8246,4.7566,3.055,2.2664,3.8962,4.5079,-2.02,-1.68,3.57
201703,2.1149,3.0702,2.2903,0.8203,0.325,3.8076,0.498,-0.811,-0.6742,-2.0818,1.444,-0.2671,0.8087,-0.7759,-2.4776,0.6864,-0.0027,0.6212,-0.2041,-3.4389,1.4433,0.3273,-0.6042,-1.2403,-3.1086,1.14,-3.32,0.17
201704,3.8495,0.4118,0.7231,2.3006,0.2813,3.8434,1.3445,1.0922,1.5525,0.3879,1.8594,1.1877,1.5066,-0.0754,-2.5659,1.8916,1.4753,0.275,-0.3043,-0.8646,1.9051,1.9065,0.4494,-0.3939,-0.7595,0.72,-2.1,1.09
201705,-1.9883,-2.8875,-2.008,-2.6816,-3.0272,0.1823,-0.9282,-2.3138,-4.1572,-4.5146,1.712,-0.6678,-2.6506,-2.0347,-4.1759,1.6072,-0.5537,0.2405,-0.3054,-3.0091,2.8721,2.1753,0.5136,-0.2473,-2.1792,-2.52,-3.78,1.06
201706,9.555,8.7789,4.9137,3.8728,4.3857,6.1145,2.9277,3.1782,2.9879,4.1568,2.5692,2.137,2.7574,2.3208,3.4185,1.5103,1.5844,1.3003,2.5497,3.9231,-0.4581,0.2499,-0.6312,2.2496,5.1861,2.23,1.48,0.78
201707,-0.8368,-2.8238,-0.8386,-0.8219,-0.231,-0.0691,0.6591,0.8862,1.3493,2.3552,0.9407,0.5461,1.5681,0.1701,2.6142,1.7259,1.1912,1.1223,2.894,2.067,2.5822,2.2617,1.4892,2.1882,2.2904,-1.46,-0.24,1.87
201708,-0.9581,-0.0871,-1.8329,-1.9666,-1.3147,-0.8361,-1.1406,-1.7127,-3.1368,-3.8925,0.823,-1.8076,-2.0922,-0.5883,-3.2066,0.9493,0.1522,-0.3154,-1.6615,-2.2476,2.1119,0.0674,-0.6146,-0.0199,-1.678,-1.67,-2.09,0.16
201709,7.2046,5.846,10.2191,9.7857,9.0957,5.7386,6.5039,8.9613,9.2959,7.0286,2.4952,4.6031,6.8881,6.5842,5.4912,3.0164,3.8305,4.668,3.4414,5.7385,1.0274,1.2856,3.7623,2.813,5.0854,4.46,3.12,2.51
201710,-3.5771,-2.5212,3.0106,0.0318,1.0271,0.2472,1.4942,0.3075,-0.0382,0.8614,2.5455,1.9278,1.3813,0.6843,3.5402,2.6354,3.2643,1.9172,-0.3758,2.0675,4.2274,0.7865,2.1743,1.2064,4.2421,-1.93,0.21,2.25
201711,1.5766,4.5176,2.5687,2.1317,4.0766,2.1511,3.2611,2.6413,2.2441,1.3582,3.8159,3.4732,3.5415,3.3681,3.6834,4.8394,4.8289,4.3346,3.2284,4.8616,3.2047,2.4233,4.6486,2.8178,2.4124,-0.58,-0.08,3.12
201712,1.4504,0.0983,-0.468,-1.3779,0.2248,0.0479,2.4414,-1.6688,-0.1317,0.2153,1.071,-0.1455,0.2489,-1.3621,0.4002,0.3952,0.7693,0.6326,1.1047,3.6209,1.0495,1.4488,1.5433,1.18,1.2058,-1.32,0.05,1.06
201801,3.525,2.9748,2.5047,2.7563,0.5084,2.9547,2.3883,2.8637,2.2168,2.1511,5.0871,3.7264,3.487,3.577,2.3094,5.1117,5.6238,4.6008,3.4902,1.6611,8.0737,5.3433,5.0679,4.2435,6.0332,-3.15,-1.33,5.57
201802,-2.1848,-1.9929,-4.3386,-3.248,-3.7946,-4.0753,-2.0423,-4.2357,-3.6852,-3.9728,-2.9935,-3.5344,-5.0032,-4.2029,-4.6526,-3.1977,-4.9525,-3.478,-4.667,-4.4925,-1.3387,-4.9424,-5.2174,-5.6261,-1.9831,0.23,-1.07,-3.65
201803,2.9132,-0.9134,0.6265,2.7985,2.4874,2.0717,0.4711,1.2147,1.3443,0.8832,2.1509,1.1771,-0.9879,1.622,0.4396,-0.3836,0.2085,-0.1665,0.6775,0.4637,-2.802,-3.9846,-1.2305,-1.6636,-4.6412,4.05,-0.23,-2.35
201804,0.1781,4.6998,0.7071,1.163,1.1397,0.1104,1.3796,1.1045,0.8665,4.6875,-0.195,0.2956,-1.8101,1.2953,-0.0078,-0.0111,-0.6492,-0.6641,-0.532,2.2344,0.2007,0.9335,1.4482,0.6455,-0.1006,1.14,0.54,0.28
201805,14.2516,10.4769,7.5098,6.548,6.5095,8.7385,6.4546,7.195,7.1808,3.7789,6.2185,5.288,4.6173,5.2292,4.6804,4.1677,4.5737,2.5784,1.943,1.7657,4.4456,2.3051,0.833,0.4183,-1.5961,5.26,-3.18,2.65
201806,3.6825,2.9755,0.387,1.1347,1.7986,1.2013,4.4994,-0.239,-1.1726,1.2018,-0.3634,0.7833,0.1954,-0.018,-1.3335,1.5885,1.3426,-0.48,-0.9957,-0.5256,0.8981,1.3063,-0.0477,0.5141,-2.351,1.15,-2.33,0.48
201807,-1.0881,-0.7328,1.128,-0.2083,-0.006,1.2913,4.019,3.7717,0.5608,2.8071,1.2503,2.7288,2.1029,2.477,-0.5292,2.3644,3.1071,2.4618,1.3779,2.9086,2.9769,5.2021,3.562,3.483,5.6013,-2.22,0.47,3.19
201808,4.4583,8.3458,2.7807,1.5992,2.8135,7.8682,4.901,4.0691,2.1769,2.5504,6.4986,5.0401,2.7887,2.3507,4.3948,7.3844,3.1201,-0.638,0.9253,-0.9089,6.2655,1.956,1.9223,0.6375,1.3586,1.12,-3.99,3.44
201809,-2.498,-1.114,-4.07,-3.3193,-2.4252,-1.8212,-1.1687,-3.54,-3.5045,-1.483,-1.9252,-1.2287,-2.1672,-3.9887,-2.4274,-0.9068,0.3541,-1.7918,0.1326,-0.1933,0.9463,1.2684,-0.3348,-0.9389,-1.6457,-2.28,-1.69,0.06
201810,-14.4353,-14.5387,-10.8963,-9.1937,-8.6635,-12.6994,-12.0702,-12.2957,-11.3056,-8.3697,-13.343,-10.6696,-8.5633,-7.7477,-8.9386,-9.6154,-10.0099,-8.3206,-6.7429,-9.2492,-8.8962,-4.9594,-4.8326,-4.7949,-7.5416,-4.77,3.44,-7.68
201811,-1.4396,0.1859,-0.1946,0.2551,-3.5766,3.1766,2.034,2.9118,1.9013,0.5028,0.4686,2.3467,2.8172,2.2545,-0.5705,2.6352,1.8999,3.5177,-0.5676,5.2197,0.8289,3.1364,2.0209,2.7367,0.3229,-0.68,0.27,1.69
201812,-14.2508,-13.2763,-11.5011,-11.3491,-12.4991,-12.2944,-11.226,-11.7946,-12.5907,-11.9782,-11.1758,-10.9152,-11.6721,-11.9631,-14.6235,-10.101,-11.4145,-10.6923,-12.3664,-12.8479,-8.4588,-7.1948,-10.0614,-10.4916,-12.7582,-2.38,-1.86,-9.57
201901,12.6012,10.92,9.8168,8.7187,10.9377,10.7249,11.1662,9.8509,10.3221,10.666,14.3159,10.1783,11.5542,10.793,14.0946,11.3018,10.4988,10.5677,11.9997,12.1671,8.1274,6.3757,10.1947,6.4627,13.1555,2.9,-0.45,8.4
201902,7.9862,5.6909,6.3193,4.9989,4.7344,6.4176,6.8047,5.7381,5.1617,0.9911,6.6263,6.0306,4.8124,3.855,2.2877,7.0518,4.9528,3.0604,2.2951,3.1536,3.8916,2.8723,3.9167,1.3285,1.7422,2.05,-2.68,3.4
201903,0.7044,-0.6549,-2.7949,-5.3984,-3.7298,-0.3277,-1.334,-2.9901,-6.0502,-2.8559,-1.328,-1.9269,-0.8435,-2.0883,-3.5996,1.796,0.9376,-0.59,-0.5349,-3.1665,3.2692,1.8513,0.1887,-0.7163,-3.1783,-3.03,-4.1,1.1
201904,0.5563,1.6236,2.2401,4.0291,1.8016,3.2133,1.7074,3.7098,3.6716,3.4597,3.1947,4.6088,6.8872,5.8081,3.7548,3.2165,4.0161,4.2844,5.2871,4.5469,4.3917,3.1275,3.6341,5.2281,8.9563,-1.74,2.14,3.97
201905,-6.0439,-4.9208,-7.7569,-8.8884,-8.1373,-8.679,-7.7682,-7.7519,-10.3438,-10.7127,-5.4001,-8.2033,-7.7043,-8.7237,-9.8356,-5.5611,-7.7144,-7.3369,-8.9526,-7.9439,-6.8928,-5.5512,-4.9835,-8.213,-8.7528,-1.31,-2.34,-6.94
201906,7.2715,6.3594,4.6618,6.7533,4.7588,8.8157,8.6657,8.7212,6.8179,6.7122,9.5661,8.5183,7.5584,6.6686,6.5928,7.1514,9.5575,9.3338,7.4507,6.8096,7.6863,5.7902,6.1146,6.6409,7.9545,0.28,-0.72,6.93
201907,-3.1258,-1.3785,-1.1739,-1.8585,-2.1091,-2.881,1.1055,0.7363,0.9901,-0.206,2.9144,1.6279,0.8104,-0.0583,1.3426,2.0371,1.3698,1.8531,0.2642,-0.0257,1.5629,1.9583,1.5622,0.5497,3.2047,-1.93,0.47,1.19
201908,-4.08,-5.6121,-7.3658,-6.6807,-8.716,-1.1431,-6.8729,-4.7951,-5.7884,-10.3266,-5.6959,-4.246,-4.9291,-7.2652,-10.2126,-2.0363,-4.5694,-4.9499,-4.8686,-8.1853,-0.2367,-2.2864,-3.005,-3.3123,-8.6138,-2.36,-4.76,-2.58
201909,-3.487,0.0657,3.4218,5.4917,7.612,-1.6144,2.0259,3.9365,5.5453,4.1158,-3.3039,1.3966,2.7707,6.4351,6.4148,-3.2023,3.0562,5.3072,6.2603,5.0451,0.4124,1.4982,2.9068,4.7118,5.3269,-0.97,6.74,1.43
201910,0.6046,0.2042,0.9163,1.048,-0.5219,3.7836,4.7638,1.7118,2.6422,1.8663,3.8102,2.4187,1.5961,2.8874,0.372,2.7965,1.525,-0.1943,-0.1024,-3.1923,3.0215,1.77,2.8201,1.6603,3.701,0.29,-1.92,2.06
201911,7.9752,6.1857,3.0414,3.5408,4.0924,7.9999,3.4544,3.0275,3.6891,1.6285,7.3901,3.0478,1.6294,5.1335,3.7462,7.6242,3.9488,2.9894,3.0394,3.8311,3.8883,4.5253,2.3236,2.9419,4.8816,0.78,-2.01,3.87
201912,3.8862,12.6206,2.8197,4.6526,7.2269,3.9641,2.0405,6.3651,2.4374,7.16,0.1899,3.0937,4.173,2.0562,3.3238,-0.4646,2.9377,3.7875,2.5193,5.8578,3.6688,1.6049,2.2953,3.0463,4.0176,0.73,1.76,2.77
202001,-1.3667,-3.1511,-4.5661,-5.938,-9.9657,-2.8177,-2.2908,-5.5393,-6.2864,-9.2808,-1.0019,-1.1252,-2.6485,-5.0258,-8.5386,1.0712,-1.9835,-1.7794,-3.0661,-3.4023,2.461,0.5029,-0.6014,-5.4441,-4.2395,-3.1,-6.22,-0.11
202002,-6.0697,-4.287,-4.3624,-8.5279,-8.5205,-7.6969,-8.2745,-10.8516,-9.9913,-11.0364,-6.6555,-6.6351,-11.459,-8.6399,-11.4194,-6.6382,-7.2051,-9.3547,-10.5705,-13.3236,-7.0089,-8.0228,-9.0427,-10.7981,-11.7101,1.07,-3.79,-8.13
202003,-21.4445,-15.1858,-21.9908,-26.5103,-27.6314,-19.6556,-18.9159,-21.8102,-24.0176,-32.2487,-17.8636,-18.6861,-17.9438,-26.9527,-31.2463,-12.1936,-18.736,-20.212,-32.7413,-32.4771,-7.7776,-11.0994,-15.7396,-20.1428,-28.4009,-4.88,-13.97,-13.39
202004,24.6779,20.1592,15.1556,10.9863,15.65,19.3762,12.4899,12.5747,10.4038,26.3008,17.5187,13.2913,9.9704,14.7946,19.4803,16.5488,14.5236,12.0596,16.4303,17.4422,14.0871,13.7638,9.8185,10.4799,15.5348,2.49,-1.23,13.65
202005,12.1994,6.4566,6.3109,4.3858,4.3258,10.2686,7.4158,3.8036,1.6617,7.0458,12.4436,9.129,4.9629,4.6922,1.641,10.9708,9.0083,5.7325,3.2287,1.9026,5.6396,5.4868,3.669,1.1427,3.7987,2.48,-4.89,5.58
202006,10.7297,2.2822,6.5577,4.4386,6.2078,5.6863,2.8598,3.7935,3.4178,2.4583,4.5232,1.256,0.0354,4.441,0.1295,2.2766,0.7623,-0.7694,2.3504,1.8658,5.0962,-0.8925,-0.6617,-1.8571,2.1123,2.7,-2.17,2.46
202007,0.1801,0.3856,3.6971,-0.6295,3.801,0.9944,3.6876,3.5536,1.7261,2.8965,1.0723,3.742,2.4833,4.3135,2.8376,6.1446,7.2022,6.0809,2.5916,2.4784,7.914,4.7318,4.4023,1.7876,2.9417,-2.32,-1.38,5.77
202008,3.2157,6.3799,3.8466,5.5017,6.113,7.5171,7.2309,3.579,3.1057,9.1253,8.3796,5.2377,3.5955,5.4352,4.0149,4.2649,3.6379,4.6483,5.6557,3.7962,11.0058,5.2277,2.388,2.6434,3.4831,-0.22,-2.95,7.63
202009,-1.3423,-0.0766,-3.9763,-3.328,-3.1907,0.0517,-4.9954,-5.3675,-6.8349,-5.0957,-3.1505,-1.1612,-4.2226,-3.2011,-7.0916,0.7985,-2.6412,-3.7015,-2.9736,-4.5821,-4.8158,-2.4928,-1.2337,-4.67,-6.1118,0.04,-2.68,-3.63
202010,-2.7028,-0.7691,-0.2694,3.2047,1.2589,-1.9975,3.7465,2.6067,5.9018,6.1644,2.8166,2.2047,2.9522,4.9758,7.4896,1.42,1.8357,1.5755,1.7748,1.6045,-4.3703,0.1338,0.0196,-2.2682,0.9883,4.36,4.21,-2.1
202011,25.7905,21.237,19.1016,20.4343,24.4278,21.2318,19.2671,17.4257,18.808,19.0409,20.8278,17.7807,15.4277,16.6794,23.0805,13.6199,12.7977,16.7921,16.1541,20.4328,10.4832,9.9906,14.2645,16.0806,21.978,5.82,2.14,12.47
202012,12.5083,7.6877,9.1503,8.2137,7.4956,11.0821,10.5096,8.7435,8.9159,7.0928,12.1795,8.9446,6.8933,8.9607,8.3072,6.9885,5.8241,4.5418,7.8295,5.4655,5.0225,2.1544,3.4513,3.2197,8.0465,4.89,-1.51,4.63