T_BILL_3_MO,SP_CONSUM_DIS,SP_HEALTH,SP_TELE_COMM,SP_FINANCE,SP_UTIL,SP_500,SP_CONSUM_STAPLE,SP_MATERIALS,SP_INFO_TECH,SP_ENEGY
0.04550000190734863,-0.04223690303542282,-0.039947789713558626,-0.07297186825971104,-0.01729619291590063,-0.07108411715153805,-0.0777825642849399,-0.07732704034925149,-0.04581235186228372,-0.16622335836692456,-0.05187507898490284
0.043600001335144044,-0.00037534925954609694,-0.017555141411097878,-0.049949978546530834,-0.01707617167395501,-0.056013118726530295,-0.0048057859262272615,-0.06036435016380311,-0.01841416724419223,0.04813430930291806,0.12084314081303194
0.04429999828338623,-0.021316600234660688,-0.11482527469029025,-0.021431889674369643,0.022350814939293688,0.028012809056108763,-0.006355970687108664,-0.030411160625242788,0.18520687999858312,-0.0500060264286941,0.11074894705842206
0.04510000228881836,-0.1086188310645773,-0.08957780372698665,-0.03925502859099497,-0.11339130948910972,-0.001521769787028636,-0.07007048308499346,-0.061108217920033805,-0.1472447616872754,-0.0598889793541052,-0.10068249835154358
0.04670000076293945,0.007550577040150552,0.002455867956748424,0.02626943415354291,0.011728899899068973,-0.07481219860914644,0.007738330351385381,-0.07164665366519235,-0.03532026340365578,0.10381494542043906,-0.023789787175278517
0.04619999885559082,-0.10809726351946916,-0.10970433500093194,-0.06124585896989673,-0.11452378535870997,-0.06561683901734923,-0.07824609124668253,-0.05527380449234644,-0.07584771056795049,-0.06680402495969703,-0.04229934798852665
0.04849999904632568,-0.07996179201990226,-0.021850151687900395,-0.15543022087292818,-0.09369194460360605,-0.04699818283986873,-0.05475409073356065,-0.06126801725423323,-0.10326218382553287,0.014048711350004253,-0.01991790485285626
0.04710000038146973,-0.05249240819990851,-0.14242117636820592,-0.02066346463812395,-0.10898033185282671,-0.10058118821400444,-0.07565179282949433,-0.1540374703349008,-0.09411277441945066,-0.05451180525404987,-0.08706923857415629
0.04960000038146973,0.015111619319900065,0.024597801695199005,0.034386350202804124,0.13029705181555865,-0.04679316002157345,0.012939541070914932,0.019852123818464927,-0.026115713850546386,-0.028138557459531987,-0.05859923834543433
0.05150000095367432,-0.03497241131056547,-0.04521980358362087,-0.018021862313189432,-0.08699013416441459,-0.12350885029177358,-0.03243814198445383,-0.03221840145187809,-0.053778232345800425,0.0596454238480239,-0.038999354826686886
0.05170000076293945,0.03366102285357463,-0.12463821792474661,-0.06245634326981367,-0.06967864730675208,-0.03954827080099751,0.006143893976983408,-0.09514826259393802,0.053759640477297484,0.12367596124959918,-0.07645698782221004
0.055300002098083494,-0.11401860949368656,0.008645645223386976,-0.08040502882320281,-0.04263729384194645,0.08077210516543001,-0.10620355088998412,-0.10602712753059207,-0.1582000744036249,-0.15638297532978235,-0.04252045245025513
0.056399998664855955,-0.13826697452482334,-0.16096142887142267,-0.1266695185079305,-0.16789612759243833,-0.11379169566274874,-0.07650808192121289,-0.15842293393681722,-0.17036725928868796,0.049466141305073305,-0.11866085041351673
0.0571999979019165,0.05989644690942578,0.011418823540413167,0.003953481149817077,0.10945475094913724,-0.023700726850785142,0.03951983045173166,-0.07976276685536142,0.06104076385672033,0.01202234920068275,0.02363024407117391
0.056500000953674315,-0.10322868167799806,-0.023445516974887996,-0.13277328529713317,-0.134399337539243,0.017820787214505238,-0.08729575673386564,-0.07345009533947944,-0.13022447267173978,-0.10295157719312956,-0.08608982311530071
0.05489999771118164,-0.11647761902022953,0.00596608282338313,-0.17371636601375917,-0.005826733315409005,-0.022333087312108056,-0.07681504831459943,0.03900825548768757,-0.0843996028515363,-0.17225230060301072,0.029726452444512573
0.05699999809265137,-0.08591841682405035,0.02956135397939548,-0.05508454146269715,-0.14293211040565498,-0.11993905879194844,-0.033066448476774146,-0.05275433522214243,-0.14595917350350318,0.006165095842932317,-0.1038904598967876
0.06019999980926514,-0.07345415512114395,-0.11334972589915195,-0.17282954542211415,0.013462575676793494,-0.01821365038852963,-0.076541275713436,-0.07428083790958154,-0.08452209642962508,-0.11650546181285909,-0.09550403706402538
0.061100001335144045,-0.09201133486964524,-0.09376608950527227,-0.09925382924263913,0.024714293111106615,0.03747064529030789,-0.00040089639347302974,-0.09666123205301713,-0.061016845443365025,0.07405863570869034,0.006651449568390054
0.0603000020980835,-0.09443818280476612,-0.011411334596728877,-0.08299142590304157,-0.02710342090702625,0.01850228951205967,-0.11378297681784774,-0.018463869452769947,-0.15988397793181702,-0.24898123939179495,-0.040680473705514475
0.06150000095367432,-0.07350515785011977,-0.013143185280289196,-0.022928460796084037,-0.0827111383575165,-0.11120910028166114,-0.06645641995263182,0.044011731593170386,0.04968391511669877,-0.11470787350867054,-0.10282972035235863
0.06010000228881836,-0.1261827133190549,-0.02726083897149051,-0.1555172057778052,-0.11254413413395824,-0.0947324155124079,-0.14016861239612732,-0.007839646101314102,-0.07661549343288412,-0.2549506160044398,-0.12015939353328645
0.05730000019073486,-0.028729826631108034,-0.008049749546520671,-0.12324408134867289,0.03438638843545559,0.0373541274913442,-0.05324655456700609,-0.008042421587164478,0.048759357512847476,-0.17452880205736548,-0.014843505504301462
0.04840000152587891,0.10001352494055236,-0.11379886270447626,0.06646081512340656,-0.024232102588274847,-0.11306635305423744,-0.01376342484971435,-0.10720369082382011,-0.05205304992728776,0.21473234120025875,-0.09559748906049892
0.04719999790191651,-0.11936761465921483,-0.05674192224310543,-0.15737914862822333,-0.12051288037320095,-0.004181427637938037,-0.1394907332977762,-0.048659537141838516,-0.04812710231339619,-0.33336220318871523,-0.06165955828965626
0.04179999828338623,-0.07491826212135294,-0.10997170924918923,-0.05533013079524323,-0.07234381880277199,-0.055006043716511556,-0.10600470908677775,-0.08912413803950399,-0.09073277083830852,-0.2008861368140595,-0.06530438071874785
0.038299999237060546,0.06336731664701792,0.015818920587202828,0.008184871932686237,-0.0058619747414543275,0.017027730403141927,0.038514362417334004,-0.043185119670685675,0.07724723361859295,0.16444460906318037,0.08640973431807397
0.03539999961853027,-0.028421976464037896,-0.026849385577495395,-0.07822024207966291,-0.007284920055837311,-0.0688473268184315,-0.030309812217254564,-0.04120890535986148,-0.005182621582694672,-0.11147249347798678,-0.032927959482645666
0.03559999942779541,-0.05242858095299806,-0.09250251505016543,-0.07502396496733876,-0.03445245633046055,-0.1067197864159869,-0.06063538885536006,-0.06789544572950906,-0.08283850924248688,-0.041935607462235625,-0.1031402296277944
0.03440000057220459,-0.04129417860101368,0.003191031081087932,-0.009180204384666466,-0.06050712865887341,-0.08301625872373078,-0.0451724993905526,-0.03710664417038927,-0.043066539517400075,-0.10232604656891693,-0.048916674387007274
0.03279999971389771,-0.13715487442667743,-0.06210057936180684,-0.13814524557333435,-0.10072837925195663,-0.07314277267669322,-0.09690840659465513,0.016261501608564877,-0.03324568059912967,-0.18307161181789153,-0.06684855778672805
0.022999999523162843,-0.1570030472539051,-0.02373093322703774,0.03163536005013598,-0.0786787072931496,-0.14650943493828647,-0.1047234052288017,-0.055411165463769035,-0.14640240239576943,-0.1955005977320949,-0.1001083286739878
0.020099999904632567,0.011686192427534752,-0.0394754227333413,-0.15515884867343432,-0.038907138731142085,-0.032040505559375126,-0.0020008885714915547,-0.023520305169075835,0.009133372546220826,0.1662016400838422,0.026139938273878203
0.017300000190734865,0.0915579192304239,0.017813205485642334,-0.017420981573997796,0.032281084466432644,-0.07423691687403397,0.05787590393331063,-0.010442771283803014,0.07665063179907661,0.10051426212123066,-0.07808048596169281
0.016699999570846558,0.022303444209332238,-0.05195319361631476,-0.00793908287513951,0.019405940427152643,0.019968587817924877,-0.009126165481918903,-0.009876913025495152,-0.02859330305730919,-0.022414635817498387,0.02346935991830775
0.017200000286102295,-0.026007132099449548,-0.02628831306200939,-0.10190160645198779,-0.0339098531777563,-0.07612034278883897,-0.032773832743082154,-0.005694708460367511,0.0005363641634184742,-0.011125682903963735,-0.03617952759585384
0.017200000286102295,-0.004636370250910526,-0.01662462307841451,-0.08114969156106838,-0.032851850740169816,-0.043734477498471105,-0.037966211325829904,0.022301703997943574,0.03272241551786041,-0.15455822999754856,0.021565712257431972
0.01740000009536743,-0.0022135546830300175,-0.01556961571464748,-0.04371392248712826,0.04699505503758597,0.10184199544025654,0.01933889276670733,0.014067666857910697,0.013779793666659313,0.03288147057476505,0.04350973093914885
0.017300000190734865,-0.05582717170012094,-0.07962211843457462,-0.1761559798356002,-0.04180198363239865,-0.03879749922914098,-0.07871762610995392,0.002299557475839653,-0.06574314527065662,-0.136469370687857,-0.07210164651256942
0.01705000042915344,-0.01941425592670779,-0.033301286826428425,0.02122994032917622,-0.020593149665531708,-0.10783457340243813,-0.02613148178133045,-0.008972468766581953,0.030674854579550794,-0.052633887413014016,-0.013416440721789255
0.01659000039100647,-0.09758530142520254,-0.10830095603071026,-0.14207736420659597,-0.0658027161230167,-0.09174797512308511,-0.0890453541991863,-0.07745383734965824,-0.038888184897741054,-0.13686115504053814,-0.019888219404463912
0.016649999618530274,-0.13398002083589455,-0.03845926652727456,-0.143514287139179,-0.09984234212817358,-0.15990226161018767,-0.09565427476793789,-0.0629061473561448,-0.13010685394003152,-0.08753743880393047,-0.144632330764207
0.016449999809265137,0.011050362972884243,-0.005072198835394389,-0.03396021713703193,0.005053235227866607,0.016004032146300477,-0.011568566502770793,-0.006304047276132509,-0.023389494094890037,-0.02856795916083423,-0.02082280335876452
0.015269999504089355,-0.10117047900720556,-0.07839114289920202,-0.15282457029025434,-0.12966220811163645,-0.1466407371325029,-0.1252943177565172,-0.08726529413117576,-0.14355476121339936,-0.17886419494327394,-0.1006785504567935
0.014170000553131104,0.050579774786588656,0.03640845413417454,0.3032300739656372,0.07233041668194436,-0.034220916602516416,0.07227879978058284,0.019363002572643333,0.03378771390342374,0.18876814339447284,0.014745743913402836
0.012020000219345094,0.020183214645835,0.014615461874650498,0.10872927815791711,0.029494804880493754,0.00999256486877102,0.04504962048564072,-0.04024737970756119,0.10616498263112881,0.1687636716863078,0.01817904879653084
0.011820000410079957,-0.10134770622622372,-0.05036190776101736,-0.08920401803671128,-0.07026483103674518,0.025311337598395583,-0.07215257229510876,-0.009714154528107163,-0.05621595784710254,-0.17441703781871848,-0.016980783432638147
0.011480000019073486,-0.04674396981968221,-0.017501318854663366,-0.08409793327464486,-0.03412720779110896,-0.04640645256091945,-0.03889469270211808,-0.048466329882530176,-0.06244891511258388,-0.041114613423753596,-0.037417857679480325
0.011749999523162842,-0.020914508980771903,-0.031352061653381516,-0.09570650657352514,-0.04463362638554651,-0.0658725703452769,-0.028753607780034614,-0.04086926888476457,-0.041434275063176845,0.008031953590649463,0.0038434422444602132
0.010900000333786011,0.015349661276193817,0.020142920521203624,-0.014817734719929854,-0.020518449142139315,0.034559619350307796,-0.002542432649453169,-0.017997754135881085,-0.011695439715769326,-0.030115235448384466,-0.005519251960284243
0.0110099995136261,0.10360741808963608,0.02229227297219953,0.07784492173313406,0.10861609402200217,0.07291953046272481,0.07003410766640616,0.017899330315546042,0.08079970424506208,0.07378892529129821,-0.020468606980794113
0.010850000381469726,0.040909394683532635,0.006217149197918621,0.05611070693741839,0.04048112162336347,0.08853870020067219,0.04004870922805291,0.03593006078148675,0.017675093618048646,0.07276256393242105,0.06700739084737746
0.008379999995231629,0.00345431953139559,0.03322047456523461,0.022379171131247485,-0.007925169814385041,-0.0005829476300167986,0.002942214681620422,-0.0012092623332651655,-0.0024749532478459176,-0.020002605031542133,-0.01929533676306424
0.009269999861717225,0.013213431069303316,-0.02301568276770557,-0.07075543548064711,0.019942105556368564,-0.07680867688068094,0.006953702096819203,-0.015619040461573325,0.06907391810983947,0.046950312791338884,-0.03432256822879487
0.009599999785423278,0.04040689279226719,-0.04745163934581806,-0.010661781754262209,-0.02145112449122387,0.004234601983612137,0.00827320380806462,0.009717106135880076,0.018844947884491717,0.0491262757620365,0.04705838734188295
0.009259999990463256,-0.05714929527116981,-0.006566349957661916,-0.0526879085092983,-0.004793122656724553,0.03299092345921781,-0.02120436457598901,-0.013664433863688494,-0.056606928130956094,-0.021983707163151428,-0.03369285504262123
0.009319999814033508,0.07928064185662381,-0.0031159774055902426,0.03483327657263591,0.05617131374451347,-0.0009204306763673144,0.04564148682168323,0.03789876364496947,0.08097677239475498,0.06474767097006233,-0.005451752742653877
0.009079999923706054,-0.002481731245381128,0.005491893140723325,-0.023535045201962073,-0.01385285006093303,-0.013376485348776414,-0.0019514958523331825,-0.0005937333938178663,0.011418230137568344,0.0013979665676739292,-0.010853811940619329
0.009070000052452088,0.026748369902185903,0.04685797057753672,0.07878300202812917,0.03539587015002972,0.05434504928265369,0.041695540726440064,0.007023804175958296,0.08895094779822012,0.00913817548780022,0.12237872525715651
0.00897000014781952,-0.018884507321955294,0.017582744227445428,0.028603036303198742,0.02073453208312849,0.008668652944976367,0.00830638680293573,-0.008522725649167553,-0.05717079196220621,0.02270197045240823,0.00307065665783908
0.009269999861717225,0.011581079218996886,-0.004463212140550426,0.008892934096379175,0.01492705494282274,0.006581968732961447,0.0029389738758932808,0.04666026001007487,0.0400051785471737,-0.046537820927043734,0.03460050422087944
0.009229999780654908,-0.010819484804242517,-0.05092897245795541,-0.024265713797871985,-0.0211050866210722,-0.0017953917629218016,-0.025588919398521735,-0.015068260357422557,-0.0301958331483528,-0.03598672626930946,-0.0159661308733346
0.009520000219345093,-0.025679194482404792,0.021037468653270962,-0.015298337317916872,-0.058070750372537824,-0.048689526594244796,-0.026310752179693295,0.0016719209796181734,-0.057858258951429216,-0.05642231590222679,0.006944067430882715
0.010520000457763672,-0.00364271200980084,-0.014075898638851045,-0.05155049818178449,0.00648942917814466,-0.005793485073503445,0.0015634496395905122,-0.0239868677837395,0.01087703818986457,0.038657080456865056,-0.009554888922807977
0.013029999732971191,-0.00861035207250607,-0.016458124954855626,0.017273015930924143,-0.010081596941081863,-0.0006811992508016645,0.00495899903846134,-0.010769105681965749,0.035998951547625446,0.01455856591565308,0.03844989623296795
0.014119999408721924,-0.05392163942789994,-0.0683409738286311,0.017135466007447475,-0.0372995912882312,-1.3311846635361002e-05,-0.04841051892874817,-0.06374759597633538,-0.03621407764634522,-0.0895852571113558,0.01909101378408925
0.015679999589920043,-0.017304726304453608,-5.8198122041152114e-05,-0.00427182678445733,0.016518775269311656,0.02056908263217968,-0.013392649266550934,0.00308484687607009,-3.84859476004161e-05,-0.06963895418296073,-0.02953296668404478
0.01674000024795532,0.01213549987295618,-0.03543852193664773,-0.005123862049568719,-0.027292922973137124,-0.010659739065295541,-0.007376124721116413,-0.046368936246563866,0.020111424303522273,0.012220850600886027,0.06695860224374836
0.018669999837875366,0.021764768887233263,-0.0408955246571662,-0.009683464405089423,-0.016453520330243863,0.027715711583832715,-0.0046557561469354435,-0.012780773777268929,-0.02686285236437139,0.033698994983702386,-0.012495631252544387
0.021819999217987062,0.017628019726845166,-0.006523397894248462,0.01784681155107364,0.00596868125582033,0.015833681684263756,0.016774937077983453,0.0068685729698521845,0.05359452576686251,0.02607927691126059,0.03541814576098652
0.021819999217987062,0.02408111105832027,0.034479048041216084,0.0022143183518241356,0.018811851611544677,0.0017452013886584648,0.010673324655724067,0.015744037792174818,-0.009717948480997527,0.006417092179731347,-0.04211795504461663
0.02421999931335449,-0.06602711267757014,-0.05660417458079471,-0.10020764241325003,-0.04733098081586822,-0.005081642404690192,-0.04951046675564854,-0.013333456542549301,-0.05528736143313236,-0.07668541781674018,0.00294279112859476
0.02690000057220459,-0.03202646056041963,0.0020564679880222952,-0.020445170853394687,-0.03452027544320254,-0.010130558330597398,-0.007996654440091254,-0.025981747221665817,0.0488917070767683,-0.027156252052833854,0.15595152312958885
0.027219998836517333,-0.04012101338789389,-0.03309481826289008,-0.04454462189129493,-0.06747096130809042,-0.019382411507687353,-0.046337654396806996,-0.03818788614483034,-0.055400842059036684,-0.050443780533282204,-0.06363493347887739
0.028369998931884764,-0.0930704850223393,0.0051555274083748895,-0.02709864876900515,-0.030069507144525408,0.0007752365041649376,-0.048478581015148264,-0.04034502125452258,-0.09860122226519122,-0.06703453935273973,-0.08146106533116551
0.028819999694824218,0.029641625222567525,-0.02087085704785139,-0.016714689118137435,-0.0031003815941700007,-0.03072556865644855,0.0011320469363843566,-0.008761973058886985,-0.04041420259337494,0.0474916397925921,-0.01519376806395596
0.03059999942779541,-0.03221649961679038,-0.0347507548092018,-0.017803087328938465,-0.01844564530201963,0.02430462158465291,-0.030742713607663223,-0.05059832046308463,-0.05060002090644277,-0.04831733379079431,0.027180722453675036
0.033320000171661375,0.022079183704648495,-0.010506864282793252,-0.0020209578878405826,-0.020176401033073284,-0.012850712435417494,0.002648286731956939,-0.002326171890489271,0.019465968572887918,0.024888496362074818,0.023694594928482568
0.03430000066757202,-0.06940379788531788,-0.039869257679074586,-0.06897324135377522,-0.05441956482853735,-0.029713405875473484,-0.0455221052661721,-0.04982795097813103,-0.07778819915551982,-0.03737958133095064,0.01666097944967445
0.034700000286102296,-0.06400149721291337,-0.040901561531480245,-0.04988043815194773,-0.026619030368081453,0.002799167201001762,-0.027750975969368673,-0.023259406297866228,-0.029232282474498925,-0.03210028915533996,0.025256461055201004
0.03805000066757202,-0.05821301340149876,-0.06828888878977657,-0.05885526680054095,-0.00827940022597106,-0.10241652318912664,-0.05579078059988554,-0.04237489998824594,-0.03278924474507275,-0.060075630593046936,-0.13197019881577235
0.03857000112533569,-0.0005983681148739733,-0.030831216445944155,0.010548270569052748,0.0040972340931633155,-0.04540564361113835,-0.0033839046062424175,-0.03138626778649612,0.03216556811799995,0.024752786200225613,-0.02510072802185165
0.039849998950958254,-0.049014751393809765,-0.0060947246893548815,-0.07699331490129112,-0.038770054704253216,-0.03170446264550267,-0.04080234826815467,-0.04391384200442204,-0.012282789475862255,-0.06939120752868229,-0.03505151203703025
0.04369999885559082,-0.026516780959693793,-0.02968641002161973,-0.011255158962102177,-0.03635946197093889,-0.020275282905502328,-0.018233227514482787,-0.04544875253901246,0.003061438875957563,-0.01198998310095211,0.09481842693097184
0.04506999969482422,-0.03898239103044642,-0.03734155496120505,0.020502457561152355,-0.027282325468027127,-0.03839918184050887,-0.044616841966468056,-0.03539322253437062,-0.06656380456554635,-0.0550298495501614,-0.12651028330206018
0.04514999866485596,-0.04170862027619059,-0.05811832378673164,-0.014574900951441972,-0.044463693472734836,-0.09433238863696825,-0.034054188255966275,-0.04329104491335101,-0.002365918566962777,-0.02713065873558898,-0.006720005192705478
0.04650000095367432,-0.03379933326806818,-0.07868581155614907,-0.07564229403313612,-0.00590112393354604,-0.03236952269208364,-0.04056700601954355,-0.04035621813936652,-0.011125278428713498,-0.05800959661483145,0.004638919619122481
0.04715000152587891,-0.06330122952595932,-0.06975757719773903,-0.07724432247255188,-0.08651641097764654,-0.03586450074254438,-0.07806691806408213,-0.04231410151713048,-0.09035295662685547,-0.11883481318504718,-0.07894937736008614
0.04860000133514404,-0.05211816993870449,-0.04840033410226033,-0.0016988517411413787,-0.0558263353477236,-0.027402935969495307,-0.048481972644945324,-0.036650114934366186,-0.04961021498978307,-0.06538698908529234,-0.028209192626385368
0.04934999942779541,-0.08321483760410475,0.00462927726670944,-0.007140526771545412,-0.025750658209681903,-0.001181505882924462,-0.04415341400549247,-0.031334517771059375,-0.08428598526062761,-0.08710530099900526,0.00027527724324978575
0.049050002098083495,-0.03030587936724229,-0.02221159086822227,-0.037572500809413496,-0.041214786440871995,-0.025985226055404036,-0.02926953827425322,-0.013102350878763727,-0.022069733003653592,0.033574677068904143,-0.08975622317854315
0.04760000228881836,0.016392269024163797,-0.033424935730121876,-0.00763181238637381,-0.006941464007369162,-0.06650118179803174,-0.0230180682824349,-0.05111593220253947,-0.049997600736147244,-0.007708872034308291,-0.0755070830101521
0.04940000057220459,0.014951233391074514,-0.045217351462262266,-0.0147902587648297,-0.026708329333677425,0.0038118492015521907,-0.017868808637095536,-0.031106658237892507,0.009354374742825897,-0.00824383193853595,-0.004769767858797416
0.048899998664855955,-0.03891944001553397,-0.054281533521107275,-0.05219139552417129,-0.04621194204974236,-0.03005495651442605,-0.03230059459224248,-0.059671260603313014,-0.00690307947722351,-0.017282246241108933,0.03166033061310156
0.04885000228881836,-0.027197343173356727,-0.03763860452925621,-0.0032239826710223213,-0.011464658128112815,-0.039655776960812156,-0.03623421947414782,-0.02695858403011421,-0.04444391284235055,-0.06244396565690991,-0.06786539304342984
0.04974999904632568,-0.022085000262857826,-0.019175557628122234,-0.01881217603254999,-0.04221553654739059,-0.05350140410599605,-0.03549786014943572,-0.03123147631631357,-0.004811907712763783,-0.03405966163293185,-0.06823399230757707
0.04994999885559082,-0.08030855785099701,-0.07507235800367759,-0.056639539873687396,-0.08187658078570323,-0.0015593994787223842,-0.07156490781816977,-0.0672172427382037,-0.02966272222403005,-0.08150911943384775,-0.072898420537276
0.048949999809265135,-0.05521205866080848,-0.04697759086402979,-0.010304486208121875,-0.05755251276177589,-0.010083686211817475,-0.038955731942165235,-0.03387354625101306,-0.03218509581787944,-0.043528261756395285,0.011805922084231778
0.04724999904632568,-0.022310809338766564,0.023721975715699006,-0.04658340949655241,-0.007459930065599751,-0.005933399453277005,-0.00393725862988465,-0.015491146564595604,-0.02799223889815206,0.006788738374397606,0.004825027686274817
0.045900001525878906,-0.019193025964660146,-0.03279419863271921,0.05008492172277476,-0.026092633723865565,-0.04139123568818622,-0.013350772818517195,-0.032357676907313386,0.008691804651586754,-0.009145212046053314,0.0265307626968775
0.04670000076293945,-0.06468101608461976,-0.08269035868130803,-0.07348665110052731,-0.08926491720692975,-0.0996603279823336,-0.06451632331082446,-0.0686537046036156,-0.05479071739287121,-0.04040109287898915,-0.029494005616215978
0.04809999942779541,-0.10638305629343414,-0.09218204717432514,-0.07698605244829687,-0.13156495732880005,-0.08628090475818365,-0.08092469970991861,-0.07194720022587325,-0.07097085540984457,-0.05265935918831484,-0.04103955110845427
0.039900000095367434,-0.037503682764366414,-0.017160560644597957,-0.040659640276133086,-0.027164134703047793,-0.02155853352488679,-0.026973808264006627,-0.015212648093838637,-0.046902771284894354,-0.01247011179046079,-0.03446375806228866
0.03700000047683716,-0.046801226641037606,-0.0076382799338678906,0.0075639791265913955,-0.017042437488213432,-0.003824885675725545,-0.001184889848646599,0.004614289607903332,0.03942490675487585,0.0006032444215722244,0.04339525836526664
0.03819999933242798,-0.038131059815855024,-0.019636974828942003,-0.05286880347684527,-0.05809256883666018,0.027896949572976414,-0.023736495181067158,-0.021619518610626783,0.0017633080112482089,0.03314010806319375,-0.02786287821765656
0.03069999933242798,-0.08905493196010134,-0.022112403194702347,-0.1032041721112659,-0.11024313058071199,-0.029030779629140573,-0.07252328889979498,-0.0021489742549491778,-0.08165430043641048,-0.1116316014002332,-0.07051620161000763
0.03140000104904175,-0.08084511719143565,-0.062406801804139066,-0.0005845938876467942,-0.08862809095745966,-0.03075176569757101,-0.0390167832811259,-0.04382918290390114,-0.022665189790887958,-0.016657913846592636,0.04152943783473539
0.018700000047683716,-0.03180058153142855,-0.06738877776259422,-0.11753507770690595,-0.024085166271200865,-0.08834047484872318,-0.07961399942068849,-0.07198522988371184,-0.058733851558014846,-0.1437029936753903,-0.12796299423393914
0.01784999966621399,-0.05864964050412541,-0.043286353636589225,-0.11380728109611836,-0.13216574411667165,-0.07096843598106992,-0.05264614905881544,-0.020424449492047685,0.0007160021517711411,-0.05933387214284068,0.04876075456534075
0.012749999761581421,-0.022234985025808493,-0.06252743339153596,0.036199455778606754,-0.0434604122979435,0.0015416451377404002,-0.0185750967471341,0.016950847699520592,-0.026095928909881945,-0.0035959643247689844,-0.03941986947874532
0.013400000333786011,0.028891761813981228,0.0008188105016414451,0.02519797804370556,0.05002659392599762,0.03866176614618497,0.03121661904909175,-0.017245873256294186,0.039867920676559906,0.05566656611439735,0.0952523141424412
0.01850000023841858,-0.013807376481207525,-0.001501746542378217,0.014980648767941397,-0.08137275092136827,0.011163960538358587,-0.008102924916233167,-0.005676831874279604,0.027641578802593963,0.03603519343085175,0.013139318322422482
0.01705000042915344,-0.1395133847562805,-0.06434404409748198,-0.1328980634605887,-0.20370383456113067,-0.02767404880862643,-0.10251605231073717,-0.08460838858756067,-0.07430148660706071,-0.10968362624105753,0.005390366369459831
0.016349999904632567,-0.01210078526438562,0.03315910427344655,-0.08442861699279819,0.05265381887927499,-0.07908580756684133,-0.02364224543856603,0.01624835227539017,-0.05773170999585932,-0.0290061236267545,-0.1562886352334286
0.01690000057220459,0.05338326363149386,0.00041043800139741946,0.018800310902916093,-0.03003113198032622,-0.035427179792533015,-0.006336190607697124,0.008235277088457456,-0.04507747712242052,0.0032796440884812067,-0.02526365411334509
0.008999999761581421,-0.08781585975427794,-0.07228113731484526,-0.13594562270442254,-0.061207723608003806,-0.12562631972150323,-0.10332143570274599,-0.025139123204748776,-0.1813995786376432,-0.14403649859432274,-0.12898489436461252
0.004350000023841858,-0.19702798819474582,-0.1218492261021684,-0.0995756470511148,-0.231711752312491,-0.1230404907464981,-0.17221211343387602,-0.11505607871952193,-0.22580776133326474,-0.1824207831871892,-0.18446650875806803
0.00019999999552965163,-0.09800540643528212,-0.07203299007485271,0.06400607695942385,-0.18754761640535622,0.024114508736587183,-0.07497262013823423,-0.020343430692066206,-0.11239264767482775,-0.11456569094620633,0.003787974922855607
0.0011500000208616258,0.05010665575618336,0.06500903230867565,0.007701117362939638,-0.00797555861420865,-0.025744559537280973,0.01532518581969073,-0.008754101273899494,-0.00872359390704431,0.015649727599240434,-0.041727109556299345
0.002199999988079071,-0.108575381705527,-0.015127830221933413,-0.11276400009135253,-0.26667552708437925,-0.010447049419007596,-0.08759406435810412,-0.07882372849966977,-0.07458897701816125,-0.03295796969562059,-0.033803445729469
0.0025,-0.08943356610932139,-0.13091753953840427,-0.030884496609315786,-0.18664261342878014,-0.13200723713380233,-0.10941418572546067,-0.07490073161259263,-0.0909588353716743,-0.045538982037440945,-0.12705231806013464
0.0020000000298023225,0.11817943563681219,0.06130067223051162,0.057152586282022015,0.17456945465065202,0.018985046751093186,0.09161677026955077,0.033499596923524506,0.1473038586838269,0.11883164338248624,0.035064125921682426
0.00125,0.18406188364134102,-0.009347052844980159,0.021050458009935376,0.2208040409659616,0.002968138310701433,0.0985748062882383,0.029242813392352955,0.15044888499609452,0.11916994942103157,0.04688355645329817
0.0012999999523162842,-0.023315113063675015,0.055556707980654915,-0.02895020548683926,0.1066240742974652,0.021687585588495557,0.051865919947380004,0.04576978593995495,0.04360222689488314,0.01036621160487244,0.097907933349604
0.0018000000715255738,0.001449594254450439,0.023596597758526044,0.008283390675825184,-0.024179031207100896,0.04931106582835869,-0.00606748961914114,-3.352051798892128e-05,-0.05074414405182358,0.038490842425138894,-0.048418379666868024
0.0017499999701976775,0.09196401538090695,0.05646466191868976,0.03424539251410908,0.08628589582650091,0.03510702054626128,0.07064196872543951,0.05993123203989147,0.13134165025781,0.08965217677987077,0.041263099878300145
0.0012999999523162842,0.032029983728852386,0.019279475315930706,-0.025482345944827137,0.12730241088044641,0.00039917758933555206,0.02940027404082119,0.006767997820630768,0.018295567153101606,0.02220909169383731,0.002264793038533843
0.0011500000208616258,0.05094954073970627,0.007859042234793164,0.027049783774324626,0.018153833656246093,0.009366947608507804,0.03569080330216349,0.031413078450764326,0.04619687559098187,0.043512330040483174,0.04484933583128391
0.00045000001788139346,-0.02530213291793315,-0.0235205057157881,-0.04893093044187606,-0.06079696775734074,-0.032545608789600555,-0.018195677058478035,0.010037156462228145,-0.05373478255931878,-0.004263492651793465,0.031090894998398472
0.0005000000074505806,0.06681402672976358,0.08957543192869069,0.06335871284765704,0.04176845232689473,0.04119275073897575,0.05687415128890289,0.0377416440355398,0.11297189087427648,0.049534426617655884,0.028016635762887165
0.0005000000074505806,0.043281361017412076,0.018603645393447353,0.045294531257719726,-0.0169450584934073,0.05164439024358982,0.014251213236293357,-0.007055349884743626,0.013558081432079613,0.05535299062388778,-0.010333699518453867
0.0007000000029802323,-0.030181803575507715,0.0035239489069106827,-0.0939484516631389,-0.015306461066488296,-0.0517159664384745,-0.03893355774847978,-0.013168038874121282,-0.08733228952852132,-0.0852134668488344,-0.04577501880186461
0.0011500000208616258,0.05184608150774354,-0.001040010893928636,-0.01404077806059378,0.032948023074001576,-0.019758640202456795,0.027344515403006156,0.025836109794649433,0.04104176407909557,0.03909987759590062,0.017604369641052345
0.0015000000596046448,0.07538785743288506,0.02293713103813306,0.05249084764114524,0.0862273360430796,0.022694628004558594,0.056463079125858504,0.034230983635612305,0.07431492318074287,0.06605609989012919,0.027285255543632828
0.001550000011920929,0.058676473470735284,-0.040592632330843245,-0.01551210925765353,0.011536190154818634,0.02280300757444134,0.01164976535893528,-0.01713320952944812,0.002604071553904394,0.0160678297866561,0.04274364333062869
0.0015000000596046448,-0.07292595668118054,-0.07142072184652425,-0.04088481787919178,-0.09398871817188041,-0.06271653984810677,-0.08493563379196174,-0.04884883132378804,-0.09801044787799215,-0.08423149717148304,-0.11957641400610472
0.0017000000178813935,-0.09935486860061284,-0.02031409254639771,-0.005604739537071659,-0.06136973402940718,-0.011912501717016858,-0.053746431866768835,-0.029715162469411683,-0.07269759061858566,-0.06386599170648202,-0.05960924366152207
0.0014000000059604645,0.07600530698367439,0.01123500762553485,0.07788259765481216,0.06486442934063255,0.07201047545466475,0.06697358322483861,0.05704949503978453,0.12094715309217258,0.07028402319339196,0.07836224143733075
0.0013500000536441803,-0.041999740365055924,-0.019235236995439876,0.0211688723588095,-0.08042232241252717,0.007547805404080838,-0.05389943140327207,-0.017215034563637623,-0.029816597368866674,-0.07333012189608865,-0.048480027611362934
0.001550000011920929,0.10847061712417261,0.08664372033991931,0.07775024203385435,0.05836439973604867,0.024393085312549852,0.08559703255093937,0.05295486212591935,0.07380638125625132,0.11956419853054195,0.08990096324527867
0.0010999999940395355,0.051951045729868785,0.019394699652603573,-0.0022518791169115174,0.012670273274705603,0.008186635079518993,0.033679508240307625,0.02703340333694678,0.06462371715581706,0.06338105846637987,0.05452050215322556
0.001599999964237213,0.022472045714253777,-0.033123559196404806,-0.01593276637197581,-0.010229946477051114,-0.03747195553474325,-0.005951748941107776,-0.015096187068969816,0.007727120717136046,-0.01980821950999928,0.049508238595945935
0.0011500000208616258,0.03886124177076724,0.04221137482564269,0.07518145082959803,0.10522754827243663,0.026319657294959192,0.05871856607060552,0.03779583806887593,0.10050517519914555,0.05115981483673122,0.08826008685346357
0.0014499999582767487,-0.010247773836580458,0.0018944850046755737,-0.04417182219469552,0.0230412902693987,0.010599693860429221,0.021211853471736753,-0.020225880917400102,-0.0064999006752124895,0.035504672290241575,0.06736104122018897
0.0013500000536441803,0.05641695827835007,0.02705131652427332,0.021995984018369316,0.026198717278148754,0.006288301733992667,0.028189038081846727,0.023929882533594796,0.02368757767934143,0.016369900468142993,0.06637203995073279
0.0009000000357627869,-0.007247267012905035,0.016148206604667308,0.05096295922376436,-0.02766599394220524,-0.002933909626238519,-0.003014988718000805,0.010330412265272695,0.015941352795320368,-0.027471554306840226,0.013979389122836652
0.00039999999105930326,0.03844569139487912,0.06383145965743275,0.006279169912493699,-0.0013967886005958837,0.03782877045981285,0.025271695246336368,0.050109975062290875,0.020132543739512683,0.028812416614104053,0.014380034301147376
0.00039999999105930326,-0.004988305123399934,0.021141251899770442,0.016000752642401354,-0.03396165344887493,0.015839341616384367,-0.015057093286719097,0.02327080409841829,-0.029596765161301712,-0.018523393590156305,-0.046468773490849054
0.00014999999664723872,-0.0033483600416728907,-0.013215308508791969,-0.014819209720281171,-0.029294014735256692,-0.004308408635656062,-0.018407461649126513,-0.028077542605689225,-0.004643202071284238,-0.026521918908282423,-0.019449786656580606
0.0009000000357627869,-0.015591120445981701,-0.040371446534681416,-0.06759643690283368,-0.037514303901391564,-0.01195690114915274,-0.022374425342429043,-0.017387966513907005,-0.03481207496061978,0.014772537463961493,0.005463274226518184
0.00014999999664723872,-0.05465010303403349,-0.023964937799036735,-0.013708757258430829,-0.09729826566720508,0.016680222624692126,-0.05716727006736377,0.00350539697661752,-0.06892392394019813,-0.06192069222685807,-0.10050172561489079
9.999999776482581e-05,-0.06950687896610408,-0.045725565603786385,-0.012324696790781606,-0.11565357041266762,-0.0013281638784842502,-0.07203709521655408,-0.037056854824535315,-0.16597569241919846,-0.034270147436391035,-0.12591928028490432
4.999999888241291e-05,0.11801336487397061,0.05596929396813457,0.017571518632666486,0.14167541182485668,0.03514350211784227,0.10787875956529415,0.04292226553062111,0.17594563907152125,0.11460132624362013,0.16946594569211132
0.00014999999664723872,-0.01728951444559028,-0.0009739817073181438,0.0010580693659517696,-0.06419893030579696,-0.004392561401664254,-0.0033794476884937614,0.01895026907013635,-0.011715799076043493,-0.025318985072678758,0.004967359352581363
4.999999888241291e-05,0.010561090173495831,0.029274462530052094,0.03734817770126421,0.016070607878723074,0.030300805231121563,0.008523145707882757,0.02418688123883452,-0.023707949227167947,-0.009091072908573711,-0.010688049944034135
0.0005499999970197678,0.058008584844926804,0.0298058407402497,-0.03991225505362374,0.0803722637723549,-0.037166007783021794,0.04198852648825099,-0.017537578413523672,0.11002572935411882,0.07536538963830436,0.014273125085967349
0.0007500000298023224,0.04434417190211597,0.010379405810712103,0.03645637518554867,0.04805505086187512,-0.0008066968014448651,0.03980781513986096,0.03369098952655014,-0.006151745039219081,0.07131185361425979,0.053797432389583885
0.0006499999761581421,0.04651982821449428,0.04249849456491549,0.00994138040685573,0.07231281480560087,0.008143345540314243,0.030516224145789552,0.030711781009631744,0.0018730771155729955,0.05256602237495466,-0.034362463233619495
0.0009000000357627869,0.011468542421375228,-0.004250756142867915,0.040967596414621096,-0.025802518506654763,0.016845764401517225,-0.008397452408258775,0.0001242563560069045,-0.011107565577227897,-0.020131967673130604,-0.010706229877230985
0.0005999999865889549,-0.05927684278681692,-0.03949378313174485,0.025406528605145383,-0.09379132871809559,-0.001869081998182873,-0.06321716494883026,-0.013446438675921229,-0.08043429136486924,-0.07907727419068777,-0.10683654140039733
0.0007999999821186065,0.014121441369442404,0.05107242532340815,0.05404259515176198,0.04181652676434339,0.0332883876916124,0.03912002204863405,0.028768479355363575,0.04065763625014617,0.02435599122109406,0.04956620326260353
0.0010000000149011613,-0.00016136450126845838,0.012885096140809108,0.05500112495006035,0.0010267221944997402,0.02706179011727749,0.011471274039424176,0.026582730192696077,-0.011002672048266535,0.012181239937274182,0.04621131955885084
0.0008500000089406968,0.04131604930680717,0.00783649077926537,-0.025978827155664082,0.02933794982122866,-0.04874859711834001,0.018913369497144988,-0.007312053889247156,0.021655101227350763,0.04781958578728961,0.01793931752199441
0.0009000000357627869,0.02959123508317861,0.037830082569286196,0.03862409518513012,0.032779168674949434,0.006084224056871307,0.02336522095685193,0.010167959202188496,0.03361954801357279,0.01233704165346677,0.0319560745206158
0.0010499999672174453,-0.017335849425045395,-0.005305434104993397,-0.05291793672030106,0.017086799317572694,0.012742001007285134,-0.020995860018168604,-0.01459166482948911,-0.023550881894804507,-0.06917391685825296,-0.02146038468060114
0.0007500000298023224,0.026842420939995223,0.001581089511832623,-0.012364607367728011,-0.013516534701947426,-0.05629373454252712,0.00206837036863858,0.012237781817339024,0.012384798341226086,0.0060634622448495195,-0.020494825624750655
0.00035000000149011613,-0.005628199453828416,-0.01169013814882385,-0.020195520781048467,0.037504415290527476,-0.011860404164903261,0.006604527741594938,-0.03333490296430108,0.022815214002451203,-0.00825286895209132,-0.004989712324361141
0.0006499999761581421,0.055750552044197085,0.07232365936425408,0.021193348339779886,0.057880859143766984,0.046518689944401,0.04977809649071078,0.055844997624666444,0.037367845328940864,0.012781892504484955,0.07524678309240437
0.0010000000149011613,0.008559099556927179,0.009046936648673213,0.013798737813017546,0.0025822914040491895,0.015790888684918413,0.010060648750140273,0.02641544657234464,-0.0257675850932587,-0.002430268795282819,-0.005319878585814457
0.0006499999761581421,0.04698452942050871,0.05823094023721317,0.03182517931511973,0.03509455342992769,0.046321036605019766,0.03533772400671488,0.04350890897880039,0.021518916548836597,0.025541484191062603,0.0252049914201448
0.00045000001788139346,0.029329356488296474,0.027773666752410588,0.05894654376834846,0.026779710060159112,0.05885922900685287,0.01764218290974762,0.028941047360636026,0.006061367150765257,0.007804355135560064,-0.009302558747535819
0.00029999999329447744,0.024585726405813003,0.015523483950083756,-0.07558491324494662,0.07127327707175261,-0.0957260489914758,0.020475525274659612,-0.023725506498058498,0.027296751796151177,0.04279971010193846,0.020994997400362675
0.00029999999329447744,0.010690259440140976,-0.004420438881323795,0.0225928072892026,-0.015807882310394483,0.009426043744822324,-0.015884835686774106,-0.0007608577646363338,-0.04275487821675953,-0.03932965011894645,-0.018427146074950593
0.00029999999329447744,0.0481460250095648,0.0670212165158417,-0.007835476533340827,0.051070034678423214,0.03947897388673855,0.04688032886508294,0.03743955645202439,0.053306122694434514,0.03427590455454072,0.047749614963220305
0.00019999999552965163,-0.03420812698753449,-0.04004179288291572,-0.04659795249948672,-0.053833493522582744,-0.058282551525023825,-0.03361387681349336,-0.046867099616904315,-0.003880943173583477,-0.013795326443719693,-0.02174813884694548
4.999999888241291e-05,0.045740056574291234,0.023851862589588647,-0.006901584956982914,0.024967140058171074,0.003969433571437741,0.027823773048749896,0.00800975734377257,0.04038815625827828,0.025871671351881245,0.012997009450235108
0.00032999999821186065,0.045183248430134736,0.03884357212462207,0.07307437273688346,0.030656991898319795,0.03584500387051901,0.04373179431874664,0.061313497692728945,0.04245482084509436,0.043811704351762966,0.04088935029746393
0.0005499999970197678,0.03018504124860832,0.042577133796279115,-0.026576701639601446,0.042369592468884935,-0.025216297720522734,0.026236893009080626,0.013154922804244734,0.009518811005666686,0.032877059584856254,0.004150588982049255
0.0006300000101327896,0.019499244548865785,0.006267575174862379,-0.003962408597964266,0.019057228062999164,0.004781919409294777,0.02251352515849391,0.0015663120788706074,0.043925880711612277,0.03833926492524048,0.029776015413490897
9.999999776482581e-05,-0.05854126198745196,0.009734937102987841,-0.040715329128841814,-0.03660502444405599,0.029156469027335062,-0.0343767165598824,-0.05218286028263329,-0.0461113333326339,-0.021446332211992908,-0.0627352889904237
0.00043000001460313797,0.060263602330286804,0.057910185474460106,-0.010829215177447327,0.029327085963988614,0.027025155855691856,0.042634316154262115,0.034153920561517975,0.06616003254830727,0.04302010502117452,0.045101950824185416
0.00028000000864267347,-0.025570513241444374,-0.010079493934006261,0.04685779728625474,0.03163087422818252,0.03313018248371801,0.007611516121968773,0.021169700585597983,0.006842657089311092,0.008618680388714692,0.023170515581231007
0.00019999999552965163,-0.016908508192307336,-0.010538492985974137,0.0040100777235842966,-0.017293713210315646,0.04166646129880998,0.005130951808465793,0.027260845900719012,0.004885378265723897,0.00015157181962919321,0.05044214409587292
0.00029999999329447744,0.025242934692742667,0.024783560206941814,0.03356223057524602,0.012025646973580044,-0.01795644997196342,0.02049183786195686,0.017486708424427823,0.028266626934985103,0.033482465743806256,0.009882603132624648
0.00019999999552965163,0.017249827074451936,0.019985933707201094,-0.013542473951462299,0.021867386692991042,0.041914513033188744,0.018699398323402876,-0.004707958369503154,0.014103325306636551,0.021561307862099748,0.048545344469418876
0.00017999999225139617,-0.01577057279069685,-0.0020929054533119474,0.025281200477659155,-0.017083342543607924,-0.06914702631147443,-0.01629382337602305,-0.03512570424327685,-0.020713757417063317,0.010919163945083743,-0.034699237468642195
0.00017999999225139617,0.04359725233366435,0.04882867569054218,-0.010778225594994273,0.04124616993934064,0.044931357597399454,0.03794309277776796,0.046773698215561606,0.03685578048137447,0.03927906241847163,0.0188850453389499
0.00013000000268220902,-0.030240728913447788,0.0009658500031888583,0.0034201204064236465,-0.006714733757284213,-0.02162159493510927,-0.01598768365559531,0.002370492879455052,-0.017792387488355665,-0.009140091536171301,-0.07628226529552753
3.0000000260770322e-05,0.02202191119271835,0.052043468091906187,-0.0017679354371431697,0.02892953497817622,0.0779738808692124,0.023612671756012716,0.03463078240768437,-0.02567013893925521,0.01884794275791389,-0.02994978368227895
4.999999888241291e-05,0.05162149124483769,0.03098430805990196,0.010954752007841928,0.020389932409185553,0.006048631838145798,0.024402410112762198,0.053052147786121696,0.011044715085736878,0.05002309256373318,-0.08917713016168721
0.00037000000476837156,0.009219117875785792,-0.013675990643383226,-0.06194723091748351,0.017338898704020854,0.03551987922292709,-0.0037005225461576277,-0.013116304023484068,-0.009201172799259038,-0.01557002363251325,0.003446211850608093
4.999999888241291e-05,-0.032438042064343836,0.0114758919967922,-0.02246886660346033,-0.07001063284337113,0.022500439074586924,-0.031090805837293067,-0.013570019530132413,-0.02051027424847838,-0.039182972672067024,-0.04887458503652435
8.000000379979611e-05,0.08410327395649755,0.04047666642207751,0.06576853311430955,0.056401980243498795,-0.0697329378158673,0.053924894987072765,0.04141184344903695,0.07780171903829285,0.07886181492653511,0.03497689959410876
0.0002500000037252903,-0.006896064034155047,0.006986193085538104,-0.03812357275013554,-0.00809677849923063,-0.01328249776722434,-0.017986821271257718,-0.024766969791601607,-0.049978657992821654,-0.034107876164655423,-0.020595967694862948
4.999999888241291e-05,-0.001254026143100189,-0.013875592253494889,0.046768832179373936,0.0007193491028517969,-0.004703649908180434,0.008597643905743062,-0.009743858201682871,0.031120401596422514,0.022745458080922955,0.06557854256670859
3.0000000260770322e-05,0.010401801013920565,0.04236492536635077,-0.0186445030654579,0.016359871992955546,0.00010353563344460171,0.009556185020677467,0.0067342084776823505,0.0016779149767492175,0.02040952855540609,-0.05224523120169835
9.999999776482581e-05,0.004183726766790407,-0.004700229487191416,-0.023268476705215157,-0.004910444870432209,-0.0631117639048079,-0.021692015455929702,-0.02202947671865514,-0.0425934592099744,-0.04379581084504919,-0.035626134904468865
0.0005799999833106995,0.044781921992999366,0.02640906440386754,-0.01204800345523948,0.029516655403708857,0.058991857238112094,0.017242974322748808,0.051621610983770654,-0.05151675430800765,0.028647724116713874,-0.0787132196728887
3.0000000260770322e-05,-0.0661338610889571,-0.08083044313995405,-0.03364680757930529,-0.06947280201184149,-0.040209176800722696,-0.06290030926160455,-0.06002612369928022,-0.05776172124432929,-0.05824058573015276,-0.04695450922317107
4.999999888241291e-05,-0.0022508699103071894,-0.05777517895496269,-0.03701881622138659,-0.03170142578176946,0.02897355748051015,-0.02545997486903682,0.0022857825586102432,-0.07585674914064583,-0.010592494072569108,-0.06795443291652264
0.0006800000369548797,0.08882594306681378,0.07627422415227801,0.0572560615420223,0.060368752028626384,0.009828586450291794,0.0825175000159837,0.05529013818362013,0.13361509791140871,0.10595533456919742,0.11136375786710277
0.0017000000178813935,-0.006179708795987802,-0.00819387720249107,-0.01502255675234311,0.01530777769259659,-0.029514068457797107,-0.0018682547203011284,-0.015160514041524853,0.00367256401700582,0.004237364995251475,-0.009367594167083309
0.0014800000190734863,-0.03274069028779061,0.013614236626214816,0.015686499475268192,-0.025001912552703905,0.015014975007639793,-0.02019881990931551,0.021953018248096756,-0.04653312755177698,-0.024778030201932727,-0.10150407575960156
0.0030000001192092896,-0.051759195550920886,-0.07918798699299422,0.051766134591740946,-0.09260934990121913,0.05108126783302532,-0.05106199760928741,0.004604327765983535,-0.10568541949409936,-0.05195493758160585,-0.03370642447632511
0.0030799999833106993,0.0005250046773311585,-0.009839943438330844,0.023861625979097016,-0.034698157937387716,0.011491951546178079,-0.005511650462922624,-0.001022253979899238,0.07151869618493031,-0.018426229250316836,-0.02868564228433616
0.0019300000369548798,0.06039566668160875,0.023595221781839048,0.06070085267354273,0.06894199721871187,0.07198617971742408,0.06138663810489987,0.038714764334491,0.06780122888403374,0.08908133721861948,0.08984408111945336
0.0019300000369548798,0.0001897856050602036,0.02751029806344985,-0.033341174033396585,0.030765740876225214,-0.025296733851429616,0.0022904836430818164,-0.015484550735735998,0.04860305443757395,-0.0566158012980986,0.08459496579155469
0.0028299999237060545,-0.003862622115958411,0.017024914505963593,-0.0031889872799011243,0.01534364318060988,0.006360767956411861,0.011576183613379957,0.0031416204995114287,-0.008982622685748587,0.04992471067806585,-0.014533365087638264
0.0024799999594688417,-0.014597521933368397,0.006313317840539651,0.09071441784656087,-0.036769415050045384,0.07374781503807186,-0.0001302830844372156,0.04599179352294098,-0.012629900928058916,-0.03046646218106464,0.029440904359929375
0.0023999999463558195,0.040789113801027295,0.04618471551037035,-0.00223574907361641,0.03168015423771586,-0.011123927943241445,0.03297302522187215,-0.011371768674191287,0.04699500367637384,0.07571625429387314,-0.02222865267504021
0.003199999928474426,-0.017538156294045176,-0.03944086689063542,-0.060461682525109875,0.03248518383012569,-0.06372927972747608,-0.004212332841865419,-0.00954141542382235,-0.00608280427447493,0.015219796569129867,0.00321140749494771
0.0025999999046325685,-0.008088840493361714,-0.00953179850845907,-0.012065215741484656,-0.0312423381934842,-0.0008283583833764952,-0.004009301339075203,-0.019490642201591284,-0.017805270455740943,0.021438760731692243,0.026878609293230615
0.0029499998688697817,-0.024720997908582225,-0.06654564631233482,-0.07792953092544296,0.01865087450795124,0.00703588966843656,-0.02059064357989107,-0.01115885093391788,-0.025092238565418735,-0.004297048831290359,-0.03266069778922884
0.004679999947547912,0.038424121955095834,0.011887894440526098,0.03081024874877277,0.13197906502551654,-0.06461939655158555,0.02826536018420004,-0.05016981372516572,0.06051444288485116,-0.010612753635965214,0.07410937418855604
0.004799999892711639,-0.005247420907505068,0.00024470900927978795,0.0761107123301117,0.03275298747371252,0.04706226030936815,0.012771441233550802,0.02708061393603415,-0.009074310380401032,0.01035284451622459,0.013247657217603577
0.005,0.028347064288719376,0.011228497290615376,-0.03999240084487088,-0.0037581533442577523,0.006498953946912782,0.007124894184624422,0.0065875583180239035,0.035240889161660134,0.0384185488703907,-0.041357030017188906
0.005230000019073486,0.012045134428765413,0.05716628322850404,-0.009102489790142398,0.04482037239614662,0.049523655319696915,0.028918645051194694,0.04673703437084904,-8.375216194117952e-05,0.043427766692162466,-0.032553494212486864
0.00737999975681305,0.0025717744256179217,-0.01816101408145081,-0.01969084115448106,-0.03644082224377442,-0.0014273554995877583,-0.014694689696675674,-0.01578174694273731,-0.016064823774344116,0.017686494769147,-0.018404705525876704
0.007799999713897705,0.015164668994591657,0.00617286793664608,-0.05163343939526855,-0.0174811212523339,0.0008568429173888767,0.001453478814999909,-0.0002237947830632074,0.0036757542895480885,0.01660934754650474,-0.03709903528221419
0.00949999988079071,-0.001772472245176556,-0.004126855825484687,-0.01929234882539511,-0.02357513516215909,0.025549002173789127,0.000255096970004769,0.016758678594458044,-0.014173309757676358,0.031983103171663974,-0.04910318513419823
0.009929999709129333,-0.025766248661908034,0.0336724652603642,-0.039723372669566145,0.053222120821280514,-0.038616141316716604,-0.006717609636339415,-0.03594500800069023,0.006517831695864295,-0.03740093266685654,-0.012601171421342568
0.01052999973297119,0.00397592619724698,-0.006068703835896994,0.040174393050829114,0.005534887468071617,0.010646849653711354,0.0054732568277203585,-0.009104524861114625,-0.0003997752346716534,0.032138135149345236,0.013867906928872195
0.009779999852180482,-0.03313559929392759,0.004982688295488383,-0.040612861612488886,-0.02833011392003045,0.016384862839042856,-0.011980232017871644,-0.024165733552546385,-0.0040901883439939755,0.02259453038443844,-0.06689138648608363
0.01027999997138977,-0.005490443261604016,-0.0025166106125741414,0.0249127880354457,0.040227953875304326,-0.041647011224692054,0.007881907451672611,-0.023235815216706777,0.021649965136725555,-0.004342076681485506,0.0874432237469724
0.011230000257492066,0.007333051284570749,-0.021085572049330426,-0.0981302960921254,0.016923298586263805,0.025126960433872914,0.010212193793250491,-0.02766032886955624,0.026234236821459943,0.06550722216488691,-0.01843317733298037
0.012380000352859497,0.034152568327290175,0.013161696069019155,0.04663794328800956,0.02037451403988352,0.0076985821399502274,0.012538654406484478,0.04061040201750188,-0.011950206480951187,-0.0030393301219672503,-3.5810946481494577e-05
0.013550000190734863,0.011297041540796941,-0.02082685198738268,0.04415341446028823,0.00473321869749046,-0.07957156941496024,-0.002771576421106285,0.006082684893062925,0.0015040955098116118,-0.01385723893410303,0.03383056535880955
0.014299999475479126,0.07220166763193087,0.04617020059143935,-0.020743109471432656,0.04930738426020552,-0.046139713703486115,0.03789604079103573,-0.002081663185948917,0.023694008139542342,0.061365757551222005,0.023269675017783504
0.01618000030517578,-0.04722725655376313,-0.05905878815664171,-0.08672545115152994,-0.04570681551195255,-0.0599570664826313,-0.05261589472047568,-0.09218907740194301,-0.06529005081193193,-0.017297723142125614,-0.129613910133716
0.016699999570846558,-0.04260444793991346,-0.047584651861735085,-0.027850278046730736,-0.06128320598127127,0.016622614609066798,-0.04408262577345643,-0.0282137536975189,-0.06039062002232523,-0.05618513000957662,-0.0011702241440672539
0.01763000011444092,0.011730012674645726,-0.004810946940168235,-0.04011591202056309,-0.022394699001065912,8.5380571677042e-05,-0.012085904753998237,-0.06023836019191231,-0.015410462022902421,-0.017314671587345922,0.07522754914444722
0.018700000047683716,0.0030782099631230173,-0.01820573965531503,-0.04143347448844099,-0.029922171565518185,-0.03545839693595547,0.004875861681090877,-0.03119901382045815,0.005782406638673247,0.052640979738742946,0.006623156425740448
0.018799999952316283,0.012437021750181756,-0.008749437229702839,0.0036339070645993073,-0.03898922466591574,0.006232089423664756,-0.018921320432802858,0.021017635899246007,-0.025627802879186697,-0.022731453395777805,-0.013086733039286274
0.019850000143051147,0.005151189023314604,0.0480080723275792,-0.009858027181148261,0.03160644895838032,-0.002316145771285437,0.021311607243580437,0.021867901276829728,0.01589396525606291,0.0005087081097669421,-0.006280182471376041
0.02055000066757202,0.030555698444050757,0.02103040409257805,0.008794913841393845,-0.008757392822952513,-0.009149683772752147,0.007931125915135867,-0.015208659420678994,-0.026063027318550033,0.04681098132184086,-0.0584654498785578
0.021500000953674315,-0.011803685711108791,0.006415473910059685,0.021100150514499778,-0.045236501581361555,-0.032965368390364846,-0.01562486986427463,-0.013470821516143741,-0.042581597095233625,-0.025372797873316744,0.0028433929589278643
0.022780001163482666,-0.14119436503112437,-0.09165113087735852,-0.08301044641503408,-0.07151627714501999,-0.001788899397459992,-0.09609810906260968,-0.003479739929286952,-0.1218151531766875,-0.10325978412988732,-0.13606017279446778
0.02308000087738037,-0.002588621358821472,0.04304484564633128,-0.029840368318070527,0.002685699045732279,0.00633064469769954,-0.007408027089809425,-0.004885999814343123,0.010868595906984007,-0.044294671084109734,-0.0450957674032102
0.022999999523162843,-0.12865105643466326,-0.11375386971341055,-0.09693568473554724,-0.1374761429716206,-0.062374901024790985,-0.12464841462574303,-0.11694257885435001,-0.11086586847059475,-0.1083615030968495,-0.15118141554703032
0.023399999141693117,0.09708334416410816,0.03378378251083809,0.07726293026875995,0.06248027497846752,0.013843186387161557,0.06830117499952318,0.03511439591050364,0.04070510050083913,0.04537633439936982,0.08681762867238707
0.023829998970031737,-0.002424768120579901,-0.013148176153656337,-0.015646692914385255,-0.0020574565135774957,0.013061495572571049,0.006577177010749391,-0.003684536542298937,0.00585899263560221,0.04242910899821588,-0.004437877030912883
0.023280000686645506,0.006980802451823004,-0.02341176553957146,0.0006160556495963775,-0.05075804798409678,0.0026149641147186937,-0.010350376847411073,0.01024991800237466,-0.020450059179329756,0.024235423580605833,-0.0034650035677378475
0.02368000030517578,0.02527890885397737,-0.05462668831149113,0.03853469574414472,0.06471160424976508,-0.014768354444758337,0.010441735164555592,-0.00174853241235641,0.009481983988378975,0.039899522935078896,-0.02382303293868839
0.022929999828338623,-0.10158427938477406,-0.04791068109127934,-0.0824559470115575,-0.09670141053920422,-0.030794137069682627,-0.09076456243877676,-0.06374254871742953,-0.10749102650301347,-0.11206272425895664,-0.13997605444393987
0.020350000858306884,0.05864816589307376,0.042964844601311857,0.02224770910284772,0.04529500072514903,0.0079848799803326,0.048786071960553574,0.025523185287052837,0.0868607675700668,0.07019511690618277,0.07024772078590363
0.020299999713897704,-0.025990126343004634,-0.05257159992567349,-0.011534953484891048,-0.016708441399304177,-0.03437529992899875,-0.017281240616887995,-0.01961241615790661,-0.026849812411697968,-0.004620690705343412,-0.03995063185357757
0.019329999685287477,-0.0352145320173458,-0.026877132809410318,-0.03904394654055625,-0.06769641968719817,0.02876765494464931,-0.037401920212777745,-0.00615297941804031,-0.0481411225763651,-0.03844435053533221,-0.09407956877058431
0.017699999809265135,-0.005443073235315642,-0.01628914399903356,-0.013617921118505495,0.026931470898344828,0.02202269341093338,0.005582828452369796,-0.0016368250765569116,0.018530854293541406,-0.0032661326988667853,0.017932231884001712
0.014980000257492066,-0.01443231725230142,0.03292048377377288,0.012283021189016734,0.007467010735430497,-0.021050004700525315,0.0030748641035515424,-0.019186788846551374,-0.017686962499290717,0.023113596829113025,-0.038931687635964204
0.015399999618530273,-0.00946359064463943,0.029747259011119416,0.021964672103494426,0.032857320266269856,-0.03940446643614913,0.014186462145386401,-0.0063291804231931075,0.009062137230162345,0.03624942228633575,-0.00436078475270898
0.015049999952316285,0.009443311134619962,0.018248184996128326,0.002883181534233852,0.007648196011129269,0.01895928294225238,0.0126007877571332,0.006277231856878956,0.015532298107755254,0.02844714951880803,0.03779281934687256
0.015099999904632568,-0.016147256377244866,-0.04611046540243895,-0.008493542338708492,-0.04304346406230829,0.0501061253768762,-0.02100195690021005,-0.014389859290760903,-0.08158270746245734,0.02384063858982579,-0.12685126004342384
0.012300000190734864,-0.09386650108939813,-0.08589333092589545,-0.07568873662711154,-0.1257580432484525,-0.11747758232560457,-0.09928069317177658,-0.09747895365774897,-0.10188998612967702,-0.08677834215635193,-0.16501922959876536
0.00029999999329447744,-0.13911320935424953,-0.043069123134693306,-0.12234375997276528,-0.21514007390026038,-0.10627462635704536,-0.13131992332525236,-0.06390399843393446,-0.14983604171778736,-0.08736204701830533,-0.34999290981102144
0.0009000000357627869,0.24429284514246766,0.15801255166765366,0.1341847803706335,0.09250502958794986,0.07488721691323165,0.1649673222906801,0.09630539623327244,0.19736068159293887,0.13643419510981994,0.29565327574766403
0.0012800000607967378,0.08751473278184634,0.03829379341284301,0.0586637214206201,0.022983870438326264,0.048707741775377546,0.0597916168405561,0.01856888503211184,0.08509898472057358,0.0670340719995424,0.005417747159248334
0.0013500000536441803,0.046089785492722316,-0.019394801662443967,-0.006933473491887419,-0.006588436358475041,-0.05001736008699054,0.01889167890060952,-0.008925201317460371,0.01719347827578273,0.06941560582281299,-0.015513740012770573
0.0008299999684095383,0.08881948177200653,0.04669565728985852,0.06482486570878275,0.034371970687088645,0.07669366796188,0.052358813480705715,0.06676682290682381,0.06900485624916639,0.054759392140531764,-0.05429829320597264
0.000949999988079071,0.08934961072348788,0.02000588803826395,0.08956067153236145,0.040321992497925105,-0.03028460186184703,0.06353700779061515,0.045633775908152416,0.03597346990848185,0.11736297258196984,-0.021494659523995183
0.0008500000089406968,-0.04064363718095935,-0.023027326310792025,-0.06567007381377286,-0.03755011803844507,0.010507872195953546,-0.04203101631120108,-0.01862756799078231,0.011423524787518041,-0.055007027548997375,-0.14722896626348456
0.0008299999684095383,-0.041973006056845404,-0.04212261941442159,0.00459225962956677,-0.011297678728737754,0.047601966114555104,-0.03506349157861982,-0.03288980895084345,-0.012361768045153,-0.05237389325646757,-0.047733151365387895
0.0007500000298023224,0.07342925445248792,0.06591723794557754,0.09469642182497545,0.166787722413789,-0.0072849143254294976,0.09797881996333163,0.05674943456863562,0.10640887935680571,0.11186074767762859,0.26490816876356127
0.0006499999761581421,0.0163632332587008,0.03087996361787539,0.030049924250782314,0.059853794445245884,-0.0037743164604172813,0.029575967386849714,0.009255897406807571,0.0072234880403180424,0.0561646885033011,0.042058259798012684
